Quan  ,Lang,Tens,ASR, q1, q2, q3, q4, q5, q6, q7, q8, q9,q10,q11,q12,q13,q14,q15,q16,q17,q18,q19,q20,q21,q22,q23,q24,q25,q26,q27,q28,q29,q30,q31,q32,q33,q34,q35,q36,q37,q38,q39,q40,q41,q42,q43,q44,q45,q46,q47,q48,q49,q50,q51,q52,q53,q54,q55,q56,q57,q58,q59,q60,q61,q62,q63,q64,q65,q66,q67,q68,q69,q70,q71,q72,q73,q74,q75,q76,q77,q78,q79,q80,q81,q82,q83,q84,q85,q86,q87,q88,q89,q90,q91,q92,q93,q94,q95,q96,q97,q98,q99,q100
bf16  ,en  ,pres,  3, -1, -1, -1, -1, -1, -1, -1, -1, -1, -1, -1, -1, -1, -1, -1, -1, -1, -1, -1, -1, -1, -1, -1, -1,  1, -1, -1, -1, -1, -1, -1, -1, -1, -1, -1, -1, -1, -1, -1, -1, -1, -1, -1, -1, -1, -1, -1, -1, -1, -1, -1, -1, -1, -1, -1, -1, -1, -1, -1, -1, -1, -1, -1, -1, -1, -1, -1, -1, -1, -1, -1, -1, -1, -1, -1, -1, -1, -1, -1, -1, -1,  3, -1,  9, -1, -1, -1, -1, -1, -1, -1, -1, -1, -1, -1, -1, -1, -1, -1, -1
bf16  ,en  ,futu, 20, -1, -1, -1, -1, -1, -1, -1, -1, -1, -1,  0, -1, -1,  1, -1, -1,  1, -1, -1, -1, -1, -1, -1, -1, -1, -1, -1, -1, -1, -1, -1, -1, -1, -1, -1,  3, -1,  5, -1, -1,  7, -1, -1, 11, -1,  2, -1, -1,  4,  8, -1, -1, 13, -1, -1, -1, -1, -1, -1, -1, -1, -1, -1, -1, -1, -1, -1, -1, -1, -1, 12, -1, -1, -1,  5, -1, -1, 13, -1, -1, -1, -1, -1, -1,  8,  3,  2, -1, -1, -1, -1, -1,  7,  0, -1, -1, -1, -1, -1, 16
bf16  ,en  ,past, 48, -1, -1, -1,  1, -1, -1, -1,  3, -1, -1,  0,  4,  5,  3,  0, -1,  0,  2,  9, -1, -1, -1,  3,  3,  6, -1, -1, 18, -1, -1, -1,  8,  9,  2,  0,  2,  4, 11,  1,  1, -1,  1,  1,  0, -1, -1, -1,  0,  0,  0, -1,  1,  0, -1, -1, -1, -1, -1, -1, -1, -1, -1, -1, -1, -1, -1, -1, -1, -1, -1,  2, -1,  1, -1,  1,  1,  0,  3, -1, -1,  0, -1, -1, -1, -1, -1,  0, -1, 18,  7, -1, -1, 13,  1,  9,  1, -1,  1,  0,  0
f16   ,en  ,pres,  2, -1, -1, -1, -1, -1, -1, -1, -1, -1, -1, -1, -1, -1, -1, -1, -1, -1, -1, -1, -1, -1, -1, -1, -1, -1, -1, -1, -1, -1, -1, -1, -1, -1, -1, -1, -1, -1, -1, -1, -1, -1, -1, -1, -1, -1, -1, -1, -1, -1, -1, -1, -1, -1, -1, -1, -1, -1, -1, -1, -1, -1, -1, -1, -1, -1, -1, -1, -1, -1, -1, -1, -1, -1, -1, -1, -1, -1, -1, -1, -1, -1,  9, -1,  5, -1, -1, -1, -1, -1, -1, -1, -1, -1, -1, -1, -1, -1, -1, -1, -1
f16   ,en  ,futu, 19, -1, -1, -1, -1, -1, -1, -1, -1, -1, -1,  0, -1, -1,  2, -1,  8,  0, -1, -1, -1, -1, -1, -1, -1, -1, -1, -1, -1, -1, -1, -1, -1,  6, -1, 18, -1, -1,  5, -1, -1, -1, 13, -1, 11, -1,  1, -1, -1,  1, 11, -1, -1,  4, -1, -1, -1, -1, -1, -1, -1, -1, -1, -1, -1, -1, -1, -1, -1, -1, -1, -1, -1, -1, -1,  9, -1, -1, -1, -1, -1, -1, -1, -1, -1,  0,  3, 15, -1, -1, -1, -1, -1, -1,  4, -1, -1, -1, -1, -1, 13
f16   ,en  ,past, 45, -1,  3, -1,  3, -1, -1, -1, 13, -1, -1,  1,  6,  1,  0,  2, 11,  0,  6, -1, -1, -1, -1, 10,  1, -1, -1, -1, 10, -1, -1, -1,  5, 12,  2, 11, -1,  0,  9,  6,  0, -1,  8,  1,  4, -1, -1, -1,  0,  3,  0, -1,  0, 10, 15, -1, -1, -1, -1, -1, -1, -1, -1, -1, -1, -1, -1, -1, -1, -1, -1,  1, -1, -1, -1,  0,  1,  0, -1, -1, -1,  5, -1, -1, -1,  4, -1,  0, -1, -1, -1, -1, -1, 17,  0, 10,  9, -1, 13, 10,  0
q8_0  ,en  ,pres,  2, -1, -1, -1, -1, -1, -1, -1, -1, -1, -1, -1, -1, -1, -1, -1, -1, -1, -1, -1, -1, -1, -1, -1, -1, -1, -1, -1, -1, -1, -1, -1, -1, -1, -1, -1, -1, -1, -1, -1, -1, -1, -1, -1, -1, -1, -1, -1, -1, -1, -1, -1, -1, -1, -1, -1, -1, -1, -1, -1, -1, -1, -1, -1, -1, -1, -1, -1, -1, -1, -1, -1, -1, -1, -1, -1, -1, -1, -1, -1, -1, -1,  5, -1,  7, -1, -1, -1, -1, -1, -1, -1, -1, -1, -1, -1, -1, -1, -1, -1, -1
q8_0  ,en  ,futu, 19, -1, -1, -1, -1, -1, -1, -1, -1, -1, -1,  0, 12, 14,  2, -1, -1,  0, -1, -1, -1, -1, -1, -1, -1, -1, -1, -1, -1, -1, -1, -1, -1, -1,  0, -1, -1,  9,  7,  5, -1, -1, 13, -1,  2, -1,  0, -1, -1,  5, -1, -1, -1, -1, -1, -1, -1, -1, -1, -1, -1, -1, -1, -1, -1, -1, -1, -1, -1, -1, -1, -1, -1, -1, -1,  4, -1,  8, -1, -1, -1, -1, -1, -1, -1,  5,  1,  3, -1, -1, -1, -1, -1, -1,  3, -1, -1, -1, -1, -1, -1
q8_0  ,en  ,past, 43, -1, -1, -1,  6, -1, -1, -1,  0, -1, -1,  0,  9,  1,  0,  0, -1,  0, 12, -1,  3, 10, -1, -1, -1,  9, -1, -1, -1, -1, -1, -1, 11, -1,  8,  2, 18,  8,  3, 10,  1, -1,  4,  3,  0, -1, -1, -1,  2,  0,  0, -1,  2,  3, -1, -1, -1, -1, -1, -1, -1, -1, -1, -1, -1, -1, -1, -1, -1, -1, -1,  3, -1, -1, -1,  1,  6,  0, 19, -1, -1,  0, -1, -1, -1, -1, -1,  0, -1, -1, 10, -1, -1,  0,  1,  7,  5, -1, 18,  2,  1
q6k   ,en  ,pres,  3, -1, -1, -1, -1, -1, -1, -1, -1, -1, -1, -1, -1, -1, -1, -1, -1, -1, -1, -1, -1, -1, -1, -1, -1,  1, -1, -1, -1, -1, -1, -1, -1, -1, -1, -1, -1, -1, -1, -1, -1, -1, -1, -1, -1, -1, -1, -1, -1, -1, -1, -1, -1, -1, -1, -1, -1, -1, -1, -1, -1, -1, -1, -1, -1, -1, -1, -1, -1, -1, -1, -1, -1, -1, -1, -1, -1, -1, -1, -1, -1, -1, -1, -1,  5, -1, 15, -1, -1, -1, -1, -1, -1, -1, -1, -1, -1, -1, -1, -1, -1
q6k   ,en  ,futu, 19, -1, -1, -1, -1, -1, -1, -1, -1, -1, -1,  2, -1, -1,  0, -1, -1, 13, -1, -1, -1, -1, -1, -1, -1, -1, -1, -1, -1, -1, -1, -1, -1, -1,  2, -1, 13, -1,  1, -1, -1, -1,  0, -1,  9, -1,  4, -1, -1,  2,  7, -1, -1, -1, -1, -1, -1, -1, -1, -1, -1, -1, -1, -1, -1, -1, -1, -1, -1, -1, -1, -1, -1, -1, -1,  0, 19, 12, -1, -1, -1, -1, -1, -1, -1,  0,  2,  0, -1, -1, -1, -1, -1, -1,  0, -1, -1, -1, -1, -1, 17
q6k   ,en  ,past, 43, -1, -1, -1,  2, -1, -1, -1, 14, -1, -1,  0,  0,  0,  3,  0, 17,  1,  3, -1,  0, -1, -1, -1, -1,  4, -1, -1, -1, -1, -1, -1, 13,  8,  5,  2,  0,  8,  6, 13,  1, -1,  0,  6,  0, -1, -1, -1,  0, -1,  0, -1,  0,  5,  9, -1, -1, -1, -1, -1, -1, -1, -1, -1, -1, -1, -1, -1, -1, -1, -1,  0, -1, -1, -1,  2,  7,  0,  2, -1, -1,  0, -1, -1, -1,  9, -1,  1, -1, -1, -1, -1, -1, 11,  0, 12,  0, -1, -1, 18,  0
q5km  ,en  ,pres,  4, -1, -1, -1, -1, -1, -1, -1, -1, -1, -1, -1, -1, -1, -1, -1, -1, -1, -1, -1, -1, -1, -1, -1, -1, 16, -1, -1, -1, -1, -1, -1, -1, -1, -1, -1, -1, 12, -1, -1, -1, -1, -1, -1, -1, -1, -1, -1, -1, -1, -1, -1, -1, -1, -1, -1, -1, -1, -1, -1, -1, -1, -1, -1, -1, -1, -1, -1, -1, -1, -1, -1, -1, -1, -1, -1, -1, -1, -1, -1, -1, -1, -1, -1, 13, -1,  6, -1, -1, -1, -1, -1, -1, -1, -1, -1, -1, -1, -1, -1, -1
q5km  ,en  ,futu, 20, -1, -1, -1, -1, -1, -1, -1, -1, -1, -1,  1, 12, -1,  0, -1, -1,  8, -1, -1, -1, -1, -1, -1, -1, -1, -1, -1, -1, -1, -1, -1, -1,  5, -1, -1, 11, -1,  3, -1, -1, -1, -1, -1,  9, -1,  5, -1, -1,  1,  7, -1, -1,  2, -1, -1, -1, -1, -1, -1, -1, -1, -1, -1, -1, -1, -1, -1, -1, -1, -1, -1, -1, -1, -1, 14, -1,  5, -1, -1, -1, -1, -1, -1, -1,  4,  1,  1, -1, -1, -1, -1, -1,  5,  0, -1, -1, -1, -1, -1,  8
q5km  ,en  ,past, 45, -1, -1, -1, 17, -1, -1, 19,  1, -1, -1,  0,  6,  0,  0,  1, -1,  2,  8, -1, -1, -1, -1,  3, -1,  5, -1, -1,  0, -1, -1, -1,  7, -1,  1,  9, 13,  1,  1,  1,  0, -1,  6,  5,  1, -1, -1, -1,  2,  1,  1,  4, 11,  0, -1, -1, -1, -1, -1, -1, -1, -1, -1, -1, -1, -1, -1, -1, -1, -1, -1,  0, -1, -1, -1, 12,  6,  0,  0, -1, -1,  0, -1, -1, -1, 16, -1,  0, -1, -1,  7, -1, -1,  3,  0, 13,  0, -1, -1, 10,  0
iq4nl ,en  ,pres,  3, -1, -1, -1, -1, -1, -1, -1, -1, -1, -1, -1, -1, -1, -1, -1, -1, -1, -1, -1, -1, -1, -1, -1, -1,  7, -1, -1, -1, -1, -1, -1, -1, -1, -1, -1, -1, -1, -1, -1, -1, -1, -1, -1, -1, -1, -1, -1, -1, -1, -1, -1, -1, -1, -1, 17, -1, -1, -1, -1, -1, -1, -1, -1, -1, -1, -1, -1, -1, -1, -1, -1, -1, -1, -1, -1, -1, -1, -1, -1, -1, -1, -1, -1, -1, -1, 11, -1, -1, -1, -1, -1, -1, -1, -1, -1, -1, -1, -1, -1, -1
iq4nl ,en  ,futu, 18, -1, -1, -1, -1, -1, -1, -1, -1, -1, -1,  0, 19, -1,  0, -1, -1,  3, -1, -1, -1, -1, -1, -1, -1, -1, -1, -1, -1, -1, -1, -1, -1,  9, -1, -1, -1, -1,  2, -1,  5, -1, -1, -1,  4, -1, -1, -1, -1,  4,  4, -1, -1, -1, -1, -1, -1, -1, -1, -1, -1, -1, -1, -1, -1, -1, -1, -1, -1, -1, -1, -1, -1, -1, -1, -1, 14,  0, -1, -1, -1, -1, -1, -1, 18,  0, 12, 10, -1, -1, -1, -1, -1, -1,  1, -1, -1, -1, -1, -1,  2
iq4nl ,en  ,past, 43, -1, -1, -1,  2, -1, -1, -1,  5, -1, -1,  2,  3,  7,  0,  0, -1,  0, 12, -1,  6, -1, -1, -1,  8,  4, -1, -1, -1, -1, -1, -1,  1, 14,  4,  8, -1,  3,  2,  3,  0, -1,  0, 17,  1, -1, -1, -1,  2,  0,  0, -1,  8,  3, 15, -1, -1, -1, -1, -1, -1, -1, -1, -1, -1, -1, -1, -1, -1, -1, -1,  1, -1, -1, -1, 16, 13,  6, 11, -1, -1,  0, -1, -1, -1, -1, -1,  0, -1,  3, -1, -1, -1,  5,  0,  5,  0, -1, -1,  3,  1
iq4xs ,en  ,pres,  5, -1, -1, -1, -1, -1, -1, -1, -1, -1, -1, -1, -1, -1, -1, -1, -1, -1, -1, -1, -1, -1, -1, -1, -1,  3, -1, -1, -1, -1, -1, -1, -1, -1, -1, -1, -1, -1, -1, -1, -1, -1, -1, -1, -1, -1, -1, -1, -1, -1, -1,  0, -1, -1, -1,  7, -1, -1, -1, -1, -1, -1, -1, -1, -1, -1, -1, -1, -1, -1, -1, -1, -1, -1, -1, -1, -1, -1, -1, -1, -1, -1, -1, -1, 14, -1,  1, -1, -1, -1, -1, -1, -1, -1, -1, -1, -1, -1, -1, -1, -1
iq4xs ,en  ,futu, 18, -1, -1, -1, -1, -1, -1, -1, -1, -1, -1,  1,  7,  0,  0, -1, -1, 10, -1, -1, -1, -1, -1, -1, -1, -1, -1, -1, -1, -1, -1, -1, -1, -1, -1, -1, -1, -1,  0, -1, -1, -1, -1, -1, -1, -1,  2, -1, -1,  8,  3, -1, -1,  3, -1, -1, -1, -1, -1, -1, -1, -1, -1, -1, -1, -1, -1, -1, -1, -1, -1, -1, -1, -1, -1, -1, -1,  3, -1, -1, -1, -1, -1, -1, -1,  7,  2,  0, -1, -1, -1, -1, -1, 15,  3, -1, -1, -1, -1, 11, 13
iq4xs ,en  ,past, 45, -1,  4, -1,  4, -1,  0,  7, -1, -1, -1,  1,  7, 16,  0,  1, -1,  3,  8, -1, 15, -1, -1, -1, 15, 14, -1, -1, -1, -1, -1, -1,  9,  0,  3,  1,  4,  1, 12, 14,  0, -1,  2,  0,  0, -1, -1, -1,  0,  3,  2, -1,  0,  4, -1, -1, -1, -1, -1, -1, -1, -1, -1, -1, -1, -1, -1, -1, -1, -1, -1,  1, -1, -1, -1,  0,  8,  0, -1, -1, -1,  5, -1, -1, -1, 11, -1,  0, -1, -1,  3, -1, -1, -1,  0,  5,  0, -1,  3,  3,  3
q4km  ,en  ,pres,  3, -1, -1, -1, -1, -1, -1, -1, -1, -1, -1, -1, -1, -1, -1, -1, -1, -1, -1, -1, -1, -1, -1, -1, -1,  0, -1, -1, -1, -1, -1, -1, -1, -1, -1, -1, -1, -1, -1, -1, -1, -1, -1, -1, -1, -1, -1, -1, -1, -1, -1, -1, -1, -1, -1,  6, -1, -1, -1, -1, -1, -1, -1, -1, -1, -1, -1, -1, -1, -1, -1, -1, -1, -1, -1, -1, -1, -1, -1, -1, -1, -1, -1, -1, -1, -1,  4, -1, -1, -1, -1, -1, -1, -1, -1, -1, -1, -1, -1, -1, -1
q4km  ,en  ,futu, 18, -1, -1, -1, -1, -1, -1, -1, -1, -1, -1,  1, 14, -1,  1, -1, -1,  0, -1, -1, -1, -1, -1, -1, -1, -1, -1, -1, -1, -1, -1, -1, -1, -1,  9, -1, -1, -1, 10, 19, -1, -1, -1, -1,  2, -1,  5, -1, -1, -1,  0, -1, -1, 15, -1, -1, -1, -1, -1, -1, -1, -1, -1, -1, -1, -1, -1, -1, -1, -1, -1, -1, -1, -1, -1,  5, -1,  4, -1, -1, -1, -1, -1, -1, -1, -1,  0,  0, -1, -1, -1, -1, -1, -1,  1, -1, -1, -1, -1,  6,  7
q4km  ,en  ,past, 36, -1, -1, -1, -1, -1, -1, 19, -1, -1, -1,  0,  0,  4,  0,  2, -1,  1,  2, -1, -1, -1, -1, -1,  4,  4, -1, -1, -1, -1, -1, -1, -1, 11,  4, 12, -1,  0,  8,  3,  0, -1,  6,  2,  7, -1, -1, -1,  8, -1,  1, -1, 13,  0, -1, -1, -1, -1, -1, -1, -1, -1, -1, -1, -1, -1, -1, -1, -1, -1, -1,  1, -1, -1, -1,  1,  2,  1, -1, -1, -1,  0, -1, -1, -1, 19, -1,  1, -1, -1,  6, -1, -1, -1,  2, -1,  1, -1, -1,  4,  2
q4_1  ,en  ,pres,  4, -1, -1, -1, -1, -1, -1, -1, -1, -1, -1, -1, -1, -1, -1, -1, -1, -1, -1, -1, -1, -1, -1, -1, -1, -1, -1, -1, -1, -1, -1, -1, -1, -1, -1, -1, -1, -1, -1, -1, -1, -1,  1, -1, -1,  7, -1, -1, -1, -1, -1, -1, -1, -1, -1, 16, -1, -1, -1, -1, -1, -1, -1, -1, -1, -1, -1, -1, -1, -1, -1, -1, -1, -1, -1, -1, -1, -1, -1, -1, -1, -1, -1, -1, -1, -1,  8, -1, -1, -1, -1, -1, -1, -1, -1, -1, -1, -1, -1, -1, -1
q4_1  ,en  ,futu, 23, -1, -1, -1, -1, -1, -1, -1, -1, -1, -1,  0, -1,  3,  0, -1, -1,  6, -1, -1, -1, -1, -1, -1, -1, -1, -1, -1, -1, -1, -1, -1, -1, 14, 11, -1,  0, -1,  0, -1, -1,  5, -1, 15,  0, -1,  9, -1, -1,  7, 12, -1, -1,  3, 18, -1, -1, -1, -1, -1, -1, -1, -1, -1, -1, -1, -1, -1, -1, -1, -1, 13, -1, -1, -1,  2, -1, -1, -1, -1, -1, -1, -1, -1, -1,  6, 12,  0, -1, -1, -1, -1, -1,  0,  0, -1, -1, -1, -1, -1, -1
q4_1  ,en  ,past, 47, -1, -1, -1,  0, -1, -1, 16,  1, -1, -1,  0,  0,  0,  1,  1,  1,  0,  1,  2,  3, -1, -1, 15, -1, -1, -1, -1,  6, -1, -1, -1,  0, 13,  2, -1,  0,  8,  7,  0,  0, -1,  9,  2,  0, -1, -1, -1,  2,  3,  0, -1,  3,  3,  6, -1, -1, -1, -1, -1, -1, -1, -1, -1, -1, -1, -1, -1, -1, -1, -1,  2, -1, -1, -1,  3,  2,  4,  4, -1, -1, 10, -1, -1, -1, -1, -1,  4, -1,  0, -1, -1, -1,  5,  1, 10,  1, -1,  8,  0,  0
q4_0  ,en  ,pres,  6, -1, -1, -1, -1, -1, -1, -1, -1, -1, -1, -1, -1, -1, -1, -1, -1, -1, -1, -1, -1, -1, -1, -1, -1,  1, -1, -1, -1, -1, -1, -1, -1, -1, -1, -1, -1, -1, -1, -1, -1, -1, 15, -1, -1, -1, -1, -1, -1, -1, -1,  5, -1, -1, -1, -1, -1, -1, -1, -1, -1, -1, -1, -1, -1, -1, -1, -1, -1, -1, -1, -1, -1, -1, -1, -1, -1, -1, -1, -1, -1, -1, 12, -1, 19, -1,  4, -1, -1, -1, -1, -1, -1, -1, -1, -1, -1, -1, -1, -1, -1
q4_0  ,en  ,futu, 17, -1, -1, -1, -1, -1, -1, -1, -1, -1, -1,  9, 14, -1,  0, -1, -1,  5, -1,  4, -1, -1, -1, -1, 12, -1, -1, -1, -1, -1, -1, -1, -1, -1, -1,  9, -1, -1,  4, -1, -1, -1, -1, -1,  2, -1, -1, -1, -1, -1, 18, -1, -1, 10, -1, -1, -1, -1, -1, -1, -1, -1, -1, -1, -1, -1, -1, -1, -1, -1, -1, -1, -1, -1, -1,  6, -1, 12, -1, -1, -1, -1, -1, -1, -1,  8, -1,  1, -1, -1, -1, -1, -1,  8,  0, -1, -1, -1, -1, -1, -1
q4_0  ,en  ,past, 43, -1, -1, -1,  1, -1, -1, -1, 12, -1, -1,  0, 10,  0,  0,  0, 13,  0,  4, -1, -1, -1, -1, 13, 13,  9, -1, -1,  1, -1, -1, -1,  9, 17,  4,  1,  9,  0, -1,  1,  0, -1,  4,  1,  1, -1, -1, -1,  3, 18,  0, -1,  1,  2, -1, -1, -1, -1, -1, -1, -1, -1, -1, -1, -1, -1, -1, -1, -1, -1, -1,  1, -1, -1, -1, 10,  2,  2, -1, -1, -1,  6, -1, -1, -1,  0, -1,  0, -1, 13, -1, -1, -1,  5,  0, -1,  1, -1, -1, 14,  2
iq3m  ,en  ,pres,  1, -1, -1, -1, -1, -1, -1, -1, -1, -1, -1, -1, -1, -1, -1, -1, -1, -1, -1, -1, -1, -1, -1, -1, -1,  1, -1, -1, -1, -1, -1, -1, -1, -1, -1, -1, -1, -1, -1, -1, -1, -1, -1, -1, -1, -1, -1, -1, -1, -1, -1, -1, -1, -1, -1, -1, -1, -1, -1, -1, -1, -1, -1, -1, -1, -1, -1, -1, -1, -1, -1, -1, -1, -1, -1, -1, -1, -1, -1, -1, -1, -1, -1, -1, -1, -1, -1, -1, -1, -1, -1, -1, -1, -1, -1, -1, -1, -1, -1, -1, -1
iq3m  ,en  ,futu,  9, -1, -1, -1, -1, -1, -1, -1, -1, -1, -1, -1, -1, -1,  0, -1, -1, -1, -1, -1, -1, -1, -1, -1, -1, -1, -1, -1, -1, -1, -1, -1, -1, -1, 16, -1, -1, -1, -1, -1, -1, -1, -1, -1, -1, -1, -1, -1, -1,  7, -1, -1, -1, -1, -1, -1, -1, -1, -1, -1, -1, -1, -1, -1, -1, -1, -1, -1, -1, -1, -1, -1, -1, -1, -1, -1, -1,  3, -1, -1, -1, -1,  3, -1, -1,  9,  7,  2, -1, -1, -1, -1, -1, -1,  1, -1, -1, -1, -1, -1, -1
iq3m  ,en  ,past, 22, -1, -1, -1,  1, -1, -1, 19, -1, -1, -1, 10, -1, -1,  4,  0, -1, 19, 14, -1, -1, -1, -1, -1, -1,  3, -1, -1, -1, -1, 17, -1, -1, -1,  9, -1, -1,  2, -1, -1, -1, 12,  2, -1, -1, -1, -1, -1,  7, -1,  4, -1,  2,  5, 17, -1, -1, -1, -1, -1, -1, -1, -1, -1, -1, -1, -1, -1, -1, -1, -1, -1, -1, -1, -1, -1, -1, -1, -1, -1, -1, -1, -1, -1, -1, -1, -1,  0, -1, -1, 15, -1, -1, -1,  3, -1, -1, -1, -1, -1,  0
iq3s  ,en  ,pres, 53, 14, -1, 14, -1, -1, -1,  1, 10, -1,  5,  5, -1,  4,  6, -1, -1,  8,  2, -1,  2, -1,  0, -1, -1,  7, 15,  0, -1,  1, -1, -1,  6,  6, -1, -1, 17, -1,  5, -1,  3,  1, 13, 11, -1, -1,  2, -1, -1, -1,  2,  4,  6, 13,  7,  3, -1, -1,  0, -1, -1, -1, -1,  8,  4, -1, -1, 17, -1, -1, -1,  1, -1,  9,  8,  7, -1, -1,  3, -1, 18, 13, -1,  3, -1, -1, 13,  2, 13, -1,  3, -1,  1,  8, -1, 19, 12,  2, -1,  0, -1
iq3s  ,en  ,futu, 46, 11,  1, -1, -1, -1, -1,  5, -1, -1, -1,  1, -1, 10,  9, -1,  8,  6, -1, -1, -1, -1,  5, -1, -1, -1, -1, -1, 18, -1, -1, 10,  2, -1,  2,  7, -1, -1,  1, 12,  9, -1,  1,  1, -1, -1,  1, -1, -1,  0, -1, -1, -1, -1, -1, 16, -1, 12,  2, -1, -1,  4,  1, -1,  1, -1, -1,  6, 18, 19, 17, 11, -1, 18, -1, 12, 14,  4, -1, -1, -1, -1, -1,  5, -1, -1, -1,  5, -1, -1,  0, -1,  4, 19, -1, 14, 19, 14, 16, -1,  5
iq3s  ,en  ,past, 45, -1,  3, -1, 12, -1, -1,  0, -1, -1, -1,  7, -1,  9, 12, -1, 15,  0, -1, -1,  9,  7, 12, -1, -1, 18, -1,  0, -1, -1, -1, -1, 16, -1,  7,  4,  5, -1,  9, -1, 10,  1, -1, 18, 14, -1, 10, -1, -1,  4, -1, -1, -1, -1,  2, -1, -1,  9,  5, -1, -1, 14, -1,  0, 12, -1, -1,  5, -1, 15, -1,  9, -1, 14, -1,  9, -1,  5, 10, -1, -1, -1, -1,  6, -1, -1, -1, 18, -1, -1,  4, -1, -1, -1,  5, 13, 16, -1, -1,  5, 17
iq3xxs,en  ,pres,  3, -1, -1, -1, -1, -1, -1, -1, -1, -1, -1, -1, -1, -1, -1, -1, -1, -1, -1, -1, -1, -1, -1, -1, -1,  0, -1, -1, -1, -1, -1, -1, -1, -1, -1, -1, -1, -1, -1, -1, -1, -1, -1, -1, -1, -1, -1, -1, -1, -1, -1, -1, -1, -1, -1, -1, -1, -1, -1, -1, -1, -1, -1, -1, -1, -1, -1, -1, -1, -1, -1, -1, -1, -1, -1, -1, -1, -1, -1, -1, -1, -1, -1, -1,  3, -1,  7, -1, -1, -1, -1, -1, -1, -1, -1, -1, -1, -1, -1, -1, -1
iq3xxs,en  ,futu, 15, -1, -1, -1, -1, -1, -1, -1, -1, -1, -1,  1, -1, -1,  1, -1, -1, -1, -1, -1, -1, -1, -1, -1, -1, -1, -1, -1, -1, -1, -1, -1, -1, 16, 12, -1, -1, -1, -1, -1, -1, -1, -1, -1,  8, -1, -1, -1, -1, -1,  1, -1, -1, 12, -1, -1, -1, -1, -1, -1, -1, -1, -1, -1, -1, -1, -1, -1, -1, -1, -1, -1, -1, -1, -1, 10, -1,  0, -1, -1, -1,  0, -1, -1, -1,  2,  2,  5, -1, -1, -1, -1, -1, -1,  2, -1, -1, -1, -1, -1,  4
iq3xxs,en  ,past, 37, -1, -1, -1,  1, -1, -1, 17, 19, -1, -1,  0,  3,  4,  0,  1, -1,  0,  0, -1, 12, -1, -1, -1, 10,  3, -1, -1, -1, -1, -1, -1,  6, -1,  7, -1, -1,  5, -1,  0,  3,  0, 16, 11, 10, -1, -1, -1,  0, -1,  0, -1,  3, 16,  1, -1, -1, -1, -1, -1, -1, -1, -1, -1, -1, -1, -1, -1, -1, -1, -1, -1, -1, -1, -1,  0, -1,  0, 12, -1, -1,  0, -1, -1, -1, -1, -1,  4, -1, -1, -1, -1, -1, -1,  0, -1, 10, -1,  7,  1,  0
q3kl  ,en  ,pres,  6, -1, -1, -1, -1, -1, -1, -1, -1, -1, -1, -1, -1, -1, -1, -1, -1, -1, -1, -1, -1, -1, -1, -1, -1,  5, -1, -1, -1, -1, -1, -1, -1, -1, -1, -1, -1, -1, -1, -1, -1, -1,  0, -1, -1, -1, -1, -1, -1, -1, -1, -1, -1, -1, -1,  5, -1, -1, -1, -1, -1, -1, -1, -1, -1, -1, -1, -1, -1, -1, -1, -1, -1, -1, -1, -1, -1, -1, -1, -1, -1, -1,  5, -1, -1, -1, 16, -1, -1, 11, -1, -1, -1, -1, -1, -1, -1, -1, -1, -1, -1
q3kl  ,en  ,futu, 21, -1, -1, -1, -1, -1, -1, 12, -1, -1, -1,  1, -1, -1,  0, -1, 16,  9, -1, -1, -1, -1, -1, -1, -1, -1, -1, -1, -1, -1, -1, -1, -1,  3, -1, -1, 14, -1,  0, -1, -1, -1,  7, -1,  1, -1,  1, -1, -1,  7,  8, -1, -1,  5, -1, -1, -1, -1, -1, -1, -1, -1, -1, -1, -1, -1, -1, -1, -1, -1, -1,  5, -1, -1, -1, -1, -1,  5, -1, -1, -1, -1, -1, -1, -1, 17, -1,  1, -1, -1, -1, -1, -1,  5,  0, -1, -1, -1, -1, -1,  7
q3kl  ,en  ,past, 42, -1, -1, -1, 18, -1, -1, 16,  3, -1, -1,  0,  1,  2,  0,  0,  2,  1,  8, -1,  1, -1, -1, -1, 10,  6, -1, -1, -1, -1, -1, -1, 18,  3, 12,  1, -1,  7,  8,  5,  0, -1,  1, -1,  2, -1, -1, -1,  0,  3,  0, -1,  5,  2, -1, -1, -1, -1, -1, -1, -1, -1, -1, -1, -1, -1, -1, -1, -1, -1, -1,  0, -1, -1, -1,  1, -1,  2, -1, -1, -1,  2, -1, -1, -1, 10, -1,  0, -1,  5, -1, -1, -1,  0,  6,  4,  0, -1, -1,  8,  1
q3km  ,en  ,pres,  8, -1, -1, -1, -1, -1, -1, -1, -1, -1, -1, -1, -1, -1, -1, -1,  5, -1, -1, -1, -1, -1, -1, -1, -1,  1, -1, -1, -1, -1, -1, -1, -1,  3, -1, -1, -1, -1, -1, -1, -1, -1, -1, -1, -1, -1, -1, -1, -1, -1, -1, -1, -1, -1, -1,  0, -1, -1, -1, -1, -1, -1, -1, -1, -1, -1, -1, -1, -1, -1, -1, -1, -1, -1, -1, -1, -1, -1, -1, -1, -1, -1,  3, -1,  5, -1, 19, -1, -1,  5, -1, -1, -1, -1, -1, -1, -1, -1, -1, -1, -1
q3km  ,en  ,futu, 23, -1, -1, -1, -1, -1, -1, -1, -1, -1, -1,  1,  4, -1,  0,  0,  0,  7, -1, -1, -1, -1, -1, -1,  5, -1, -1, -1, -1, -1, -1, -1, -1, -1, -1, -1, -1, -1,  3, -1, -1, -1, -1, -1,  0, -1,  4, -1, -1,  6,  2, -1, -1,  0, -1, -1, -1, -1, -1, -1, -1, -1, -1, -1, -1, -1, -1, -1, -1, -1, -1, 17, -1, -1, -1,  1, -1, 14, -1, -1, -1, 15, -1, -1, -1, 18, 13, 10, -1, -1, -1, -1, -1, 17,  0, -1, -1, -1, -1, -1,  5
q3km  ,en  ,past, 43, -1, -1, -1,  6, -1, -1, -1,  5, -1, -1,  1,  1,  3,  0,  2,  6,  0,  0, -1, -1, -1, -1, -1, 13,  1, -1, -1, -1, -1, -1, -1,  5, -1,  7,  2, -1,  1,  5, 13,  0, -1,  0, 10,  8, -1, -1, -1,  0,  0,  5, -1,  1,  3, 16, -1, -1, -1, -1, -1, -1, -1, -1, -1, -1, -1, -1, -1, -1, -1, -1,  1, -1, -1, -1,  0,  3,  1, -1, -1, -1,  0, -1, -1, -1,  0, -1,  1, -1,  0,  8, -1, -1,  1,  0, -1,  1, -1,  6,  3,  3
q3ks  ,en  ,pres, 11, -1, -1, -1, -1, -1, -1, -1, -1, -1, -1, -1, -1, -1, -1, -1,  2, -1, -1, -1, -1, -1, -1, -1, -1,  3, -1, -1, -1, -1, -1, -1, -1, -1, -1, -1, -1, -1, -1, -1, -1, -1,  4, -1, -1, -1, -1, -1, -1,  6, -1, 15, -1, -1, -1,  6, -1, -1, -1, -1, -1, -1, -1, -1, -1, -1, -1, -1, -1, -1, -1, -1, -1, 15, -1, -1, -1, -1, -1, -1, -1, -1,  5, -1,  2, -1,  0, -1, -1,  6, -1, -1, -1, -1, -1, -1, -1, -1, -1, -1, -1
q3ks  ,en  ,futu, 32, -1, -1, -1, -1, -1, -1, 13, -1, -1, -1,  2, -1, -1,  4,  5,  0, 15, -1, -1, -1, -1, -1, -1, -1, -1, -1, -1, -1, -1, -1, -1, -1,  2,  1, -1, 11, -1,  0, -1, 12,  7,  3,  2,  6, -1,  1, -1, -1,  0,  2, 13, -1,  3, -1, -1, -1, -1, -1, -1, -1, -1, -1, -1, -1, -1, -1, -1, -1, -1, -1, 19, -1, -1, -1,  2, -1,  2, -1, -1, -1, 12, -1, -1, -1, 12,  6,  4, -1,  6, -1, -1, -1, -1,  0, -1,  4, -1, -1,  9, 14
q3ks  ,en  ,past, 43, -1, -1,  9, -1, -1, -1,  9,  0, -1, -1,  1,  8,  1,  1,  0,  5,  1,  0, -1, -1, -1, -1, -1, -1, -1, -1, -1, -1, -1, -1, 19, -1,  1,  5,  8, -1, 15, -1, -1,  0,  5,  0,  0,  1, -1, 17, -1,  5,  0,  0, -1,  2,  1,  3, -1, -1, -1, -1, -1, -1, -1, -1, -1, -1, -1, -1, -1, -1, -1, -1,  0, -1, -1, -1,  4, 12,  1, -1, -1, -1,  7, -1, -1, -1, -1,  7,  4, -1,  3, 10, -1, -1, 11,  0,  2,  0, -1, -1, 17,  2
iq2m  ,en  ,pres,  6, -1, -1, -1, -1, -1, -1, -1, -1, -1, -1, -1, -1, -1, -1, -1, -1, -1, -1, -1, -1, -1, -1, -1, -1,  1, -1, -1, -1, -1, -1, -1, -1, -1, -1, -1, -1, 11, -1, -1, -1, -1, -1, -1, -1, -1, -1, -1, -1, -1, -1, 19, -1, -1, -1,  1, -1, -1, -1, -1, -1, -1, -1, -1, -1, -1, -1, -1, -1, -1, -1, -1, -1, -1, -1, -1, -1, -1, -1, -1, -1, -1, -1, -1, 16, -1,  1, -1, -1, -1, -1, -1, -1, -1, -1, -1, -1, -1, -1, -1, -1
iq2m  ,en  ,futu, 16, -1, -1, -1, -1, -1, -1, 18, -1, -1, -1, -1, -1, -1,  3, -1, -1,  7, -1, -1, -1, -1, -1, -1, -1, -1, -1, -1, -1, -1, -1, -1, -1, 14, 16,  0, -1,  8,  0, -1, -1, -1, -1, -1,  9, -1, -1, -1, -1, -1, 14, -1, -1, -1, -1, -1, -1, -1, -1, -1, -1, -1, -1, -1, -1, -1, -1, -1, -1, -1, -1, -1, -1, -1, -1, -1, -1, -1, -1, -1, -1, 11, -1, -1, -1, -1,  4,  1, -1, -1, -1, -1, -1, -1,  1, -1, -1, -1, -1,  4, 18
iq2m  ,en  ,past, 38, -1, -1, -1, 10, -1, -1, -1, 13, -1, -1,  2,  5,  1,  1, -1,  4,  5,  1, -1,  6, 11, -1, -1, -1, -1, -1, -1, -1, -1, -1, -1,  0, -1,  0,  4, 12,  9, -1,  4, 11, -1,  5,  7, 10, -1, -1, -1, -1,  6,  0, -1, -1,  3,  1, -1, -1, -1, 17, -1, -1, -1, -1, -1, -1, -1, -1, -1, -1, -1, -1,  0, -1, -1, 16,  0, -1,  0, -1, -1, -1,  1, -1, 11, -1, -1, 17,  1, -1, -1, -1, -1, -1, -1,  8, -1,  2, -1, -1,  1,  1
iq2s  ,en  ,pres,  9, -1, -1, -1, -1, -1, -1, 14, -1, -1, -1, -1, -1, -1, -1, -1, -1, -1, -1, -1, -1, -1, -1, -1, -1,  0, -1, -1, -1, -1, -1, -1, -1, -1, -1, -1, -1, -1, -1, -1, -1, -1, -1, -1, -1, -1, -1, -1, -1, -1, -1,  1, 17, -1, -1,  5, -1, -1,  7, -1, -1, -1, -1, -1, -1, -1, -1, -1, -1, -1, -1, -1, -1, -1, 10, -1, -1, -1, -1, -1, -1, -1, 12, -1, -1, -1,  3, -1, -1, -1, -1, -1, -1, -1, -1, -1, -1, -1, -1, -1, -1
iq2s  ,en  ,futu, 18, -1, -1, -1, -1, -1, -1, -1, -1, -1, -1,  0, -1, -1,  3, -1, -1, -1, -1, -1,  5, -1, -1, -1, -1, -1, -1, -1, -1, -1, -1, -1, -1, -1, -1, -1, -1, -1, 12, -1, -1, -1, -1, -1, 17, -1, 12, -1, -1, 14,  9, -1, -1,  2,  8, -1, -1, -1, -1, -1, -1, -1, -1, -1, -1, -1, -1, -1, -1, -1, -1, -1, -1, -1, -1, -1, -1,  5,  1, -1, -1, -1, -1, -1, -1,  9, -1,  6, -1, -1, -1, -1, -1,  4,  1, -1, -1, -1, -1,  0,  3
iq2s  ,en  ,past, 42, -1, -1, -1, 12, 17, -1, -1,  5, -1, -1,  2,  8,  0,  0, 18, -1,  1,  0, 17, 12, -1, -1, -1, -1, 11,  1, -1,  1, -1, -1, 16,  8, -1,  0,  7, -1,  0, -1, -1, 19, 13,  0,  0,  0, -1, -1, -1, -1,  5,  2, -1,  1,  3,  0, -1, -1, -1, -1, -1, -1, -1, -1, -1, -1, -1, -1, -1, -1, 18, -1,  1, -1, -1, -1,  0, -1,  0,  6, -1, -1,  0, -1, -1, -1, -1, -1,  1, -1,  6, -1, -1, -1, -1,  0, -1,  1, -1, -1,  1,  0
iq2xs ,en  ,pres,  7, -1, -1, -1, -1, -1, -1, -1, -1, -1, -1, -1, -1, -1, -1, -1, -1, -1, -1, -1, -1, -1, -1, -1, -1,  2, -1, -1, -1, -1, -1, -1, -1, -1, -1, -1, -1, -1, -1, -1, -1, -1,  9, -1, -1, -1, -1, -1, -1, -1, -1, -1, -1, -1, -1,  1, -1, 11, -1, -1, -1, 13, -1, -1, -1, -1, -1, -1, -1, -1, -1, -1, -1, -1, -1, -1, -1, -1, -1, -1, -1, -1, -1, -1, 15, -1,  0, -1, -1, -1, -1, -1, -1, -1, -1, -1, -1, -1, -1, -1, -1
iq2xs ,en  ,futu, 25, -1, -1, -1, -1, -1, -1, 14, -1, -1, -1,  6, -1, -1,  1, -1,  3,  3, -1, -1, -1, -1, -1, -1, -1, -1, -1, -1, -1, -1, -1, -1, -1, 12, -1, -1, -1, -1,  9, -1,  0, -1,  4, 18,  0, -1,  3, -1, -1,  2,  3, 18, -1, -1, -1, -1, -1, -1, -1, -1, -1, -1, -1, -1, -1, -1, -1, -1, -1, -1, -1, 14, -1, -1, -1,  3, -1,  6, 10, -1, -1, 10, -1, -1,  5,  3, -1,  6, -1, -1, -1, -1, -1, -1, -1, -1, -1, -1, -1,  1,  0
iq2xs ,en  ,past, 43, -1,  1, -1, -1, -1, -1, -1, 11, -1, -1,  3,  3,  0,  0,  2, 12,  2, 12, 12,  3, -1, -1, -1,  6, -1, 17, -1, -1, -1, -1, -1,  3, 16,  0, 11, -1,  2, -1,  0,  9, -1, 11,  4,  1, -1, -1, 10, 19, -1,  0, -1, 13,  3,  2, -1, -1, -1, -1, -1, -1, -1, -1, -1, -1, -1, -1, -1, -1, -1, -1,  8, -1, -1, -1,  0,  1,  2, -1, -1, -1,  0, -1, -1, -1,  4, -1,  1, -1, -1, -1, -1, -1, -1,  2,  0,  2, -1, 15,  2,  0
iq2xxs,en  ,pres, 18, -1, -1, -1, -1,  3, -1,  4, -1, -1, -1, -1, -1, -1, -1, -1,  0, -1, -1, -1, -1, -1, -1, -1, -1,  0, -1,  0, -1, -1, -1, -1, -1, -1, -1, 19, -1, 11, -1, -1, -1,  7,  2, -1, -1, -1, -1, -1, -1,  6, -1, -1,  8, -1, -1,  2, -1, 15,  1, -1, -1, -1, -1, -1, -1, -1, -1, -1, -1, -1, -1, -1, -1, 13, -1, -1, -1, 12, -1,  4, -1, -1,  1, -1, -1, -1, -1, -1, -1, -1, -1, -1, -1, -1, -1, -1, -1, -1, -1, -1, -1
iq2xxs,en  ,futu, 52, -1, -1, -1,  9,  4, -1, 17, -1, -1, -1,  1,  9,  0,  0,  6,  0,  0,  4,  1, 10, -1, -1, -1, -1,  5, -1, -1, -1, -1,  2, -1,  3, -1,  0,  0, 12, -1,  0,  0, -1,  0,  2,  2,  1, -1,  9, 16, -1, 12,  1, -1,  2,  2, 18, -1, -1, -1, -1, -1, -1, -1, -1, -1, -1, -1, -1, -1,  5, -1, -1, 11, -1,  9,  2,  1, -1,  0,  0, -1, -1,  1, -1, -1, -1, -1,  5,  2, 15,  4, -1, -1,  0,  2,  0,  4,  0, -1,  0,  1,  0
iq2xxs,en  ,past, 67, -1, 17, -1,  3,  5, -1, -1,  0, -1, -1,  6,  1,  1, 12,  5,  1,  0, 11,  8,  1, -1, 13,  9,  1, 16,  2, -1,  3, -1, 15, -1,  0,  3,  0,  1,  1,  6, -1,  0,  2,  1,  0,  0,  0, -1,  2, 15,  4, -1,  1, -1,  2,  1,  4, -1, -1, -1, -1, -1, -1, -1,  9, -1, -1, -1, -1, -1,  5,  4, 17, 12, -1,  0, -1,  1,  1,  0,  6,  8,  6,  1, -1,  1, -1, 12, -1,  0,  1,  1, -1,  5,  0,  4,  1,  2,  0, -1,  1,  3,  2
q2km  ,en  ,pres, 20, -1, -1, -1, -1, -1, -1, -1, -1, -1, -1, -1, -1, -1, 14, 15, 10,  3, -1, -1, -1, -1, -1, -1, -1,  4, -1, -1, -1, -1, -1, -1, -1, -1, -1, -1, -1, 11, -1, -1, -1, -1,  2, -1, -1, -1, -1, -1, -1, -1, -1,  0, -1, -1, -1,  0, -1,  9,  2, -1, -1,  6, -1, -1, -1, -1, -1, -1, -1, -1, -1, -1, -1,  2,  0, -1, -1, -1, -1, -1, -1, -1,  1, 15,  0, -1,  0, -1, -1,  2, -1, -1, -1, -1, -1,  3, -1, -1, -1, -1, -1
q2km  ,en  ,futu, 43, -1, -1, -1,  4, -1,  6,  2, -1, -1, -1,  0, -1,  3,  1,  6, -1,  0, 13, -1, -1, -1, -1,  1, -1, -1, -1, -1, -1, -1, -1, -1, -1,  8,  3,  0, -1, 12, 12, -1,  6,  5,  3,  2,  0, -1,  1,  1, 12,  0,  3, -1, -1,  0, -1, -1, -1, -1, 16, -1, -1, -1, -1, -1, -1, -1, -1, -1, -1, -1, -1, 16,  7,  8, -1,  0, -1, -1, -1, -1, -1,  1, -1, -1,  5, 13,  5,  4, -1,  5, -1, -1, -1,  5,  0, 15,  5, -1, -1, 19,  0
q2km  ,en  ,past, 45, -1, -1, -1,  1, -1, -1, -1,  0, -1, 11,  2,  3,  1,  0,  0,  3,  1, 11, -1, -1, -1, -1, 12, -1,  0, -1, -1, 11, -1, -1, -1,  0, 10,  1,  0,  7,  1, -1, -1,  1, 11,  0,  0,  0, -1, -1,  5,  0,  2,  6, -1,  1,  2, -1, -1, -1, -1, -1, -1, -1, -1, -1, -1, -1, -1, -1, -1,  1, 11, -1,  0, -1, -1, -1,  5,  0,  8, -1, -1, -1,  0, -1, -1, -1, 10, -1,  0, -1, -1, -1, -1, -1,  0,  3, -1,  0,  7, -1, -1,  0
q2ks  ,en  ,pres, 19, -1, -1, -1, -1, 10, -1, -1, -1, -1, -1, -1, -1, -1, -1, -1,  0, -1, -1, 17, -1, -1, -1, -1, -1,  0, -1, -1, -1, -1, -1, -1, -1, -1, -1, -1, -1, -1, -1, -1, -1, -1,  0, -1, -1,  6, -1, -1,  3,  0, -1,  0, -1, -1, -1,  0, -1,  7,  2, -1, -1, -1, -1, -1, -1, -1, -1, -1, -1, -1, -1, -1,  0,  0,  1, -1, -1, -1, -1, -1, -1, -1, 10, -1,  0, -1,  1, -1, -1, -1, -1, -1, 12, -1, -1, -1, -1, -1, -1, -1, -1
q2ks  ,en  ,futu, 46, -1, -1, -1, 10, -1, -1,  2, -1, -1, 14,  0,  4,  6,  2,  0, 15,  0,  3,  6,  6, -1, -1,  7, -1, -1, -1, -1, -1, -1, -1, -1, -1,  3,  1,  0, 12, -1,  0, -1,  1, -1, -1,  0,  1, -1,  5, -1, -1,  0,  0,  7, 16,  4, -1, -1, -1, -1, 11, -1, -1, -1, -1, -1, -1, -1, -1, -1, -1, -1, -1,  1,  3, -1,  6,  1, -1,  3,  0,  7, -1,  1, -1, -1, -1, 14,  0,  1, -1,  0, -1, -1, -1,  3,  0, -1,  9, -1, -1,  0,  2
q2ks  ,en  ,past, 63, -1,  4,  8,  9, -1, -1,  4,  0, -1, -1,  0,  7,  0,  2,  1,  0,  0,  4, -1,  0, -1, -1,  1,  5,  7, -1, -1,  5, -1,  9, 13,  0,  0,  2,  1,  2,  0,  3,  1,  0,  1,  0,  0,  1, -1,  1,  1,  0,  0,  0, -1,  0,  3,  5, -1, -1, -1,  8, -1, -1, -1, -1, -1, -1, -1, -1, -1, -1, -1, -1,  2,  0, -1, 17,  0,  6,  0,  3, -1,  2,  0, -1, -1, -1,  8, -1,  1, -1,  0,  0,  0, -1,  3,  1,  1,  0, -1,  1,  1,  0
iq1m  ,en  ,pres, 73,  1, -1, 13,  7,  0,  2,  0, -1,  2,  0,  0, -1,  0,  2,  0,  0, -1,  2,  3, 15, 11, 12, -1,  0,  4, -1, -1,  7, 16, -1, -1,  1,  0,  0,  2,  0,  3,  7, 14, -1, 19,  0,  2,  0,  1, -1,  6,  0,  0,  0,  0, -1, 15,  0,  0, -1,  0,  0,  0, -1, -1,  4,  4,  3, -1, -1,  4, -1,  2,  0, -1,  2,  2,  0,  1,  0,  2, -1,  0, -1, -1, -1, 19, -1, 13,  1,  1, -1,  3,  1,  1,  0,  0,  2, -1,  0,  0,  0, -1,  0
iq1m  ,en  ,futu, 82, -1,  1, -1,  4, -1,  0,  2,  0, 16, -1,  0,  1,  0,  1,  0,  2,  3,  1, -1,  7,  3, 14, 11, -1, 10,  2,  8, 11,  4,  0,  8,  2,  6,  0,  8,  0, -1,  5,  5,  1, 14,  1,  0,  6, -1, 10, 14,  0,  8,  2, 17, 10,  0,  1, -1, -1,  6, 10, -1, 18, -1,  0,  4,  0, -1,  0,  5, -1,  3, -1,  5,  0,  5, 15,  1, 13,  0,  0, -1,  5,  2, -1,  0, -1, 12, 16,  1,  1,  5,  0,  1,  3,  1,  3,  4,  3,  1,  9,  3,  1
iq1m  ,en  ,past, 81,  6,  2, -1,  7, -1, -1,  0,  0, 19, 14,  1,  1,  0,  0,  5,  1,  0,  0,  5,  1,  5,  7,  0, -1,  1,  3,  3,  0,  8,  2, 12,  0,  0,  0,  0,  2, -1,  1,  0,  0, -1,  3,  3,  0, -1,  3,  5,  2,  1,  1, -1,  5,  1,  1,  6, -1, -1,  4, -1, -1, -1,  4,  5,  0, -1, 14,  0,  3,  2, 11,  2, -1, 16,  9,  2,  7,  0,  0, -1,  0,  1, -1,  4, -1, 12, -1,  6,  0,  5,  2,  1,  1,  0,  0, 11,  0,  0,  2,  9,  0
iq1s  ,en  ,pres, 62,  2, -1,  1,  7, -1, -1,  0, -1, 10, -1, 10, -1,  2,  3,  0,  5, -1, -1,  1, 10,  4,  0,  5, -1,  2,  0,  5, 12,  3,  7,  9,  1,  4,  1,  1, -1, -1,  6,  8,  3,  1,  1,  1,  4, -1, -1, -1,  0,  4, -1,  0, -1, -1,  1,  1, -1, 16, 13, -1, -1, -1,  9,  5,  2,  3,  4, -1, 15, 11, 14,  2, -1,  9, -1,  2,  5,  1,  5, -1,  0, -1, -1, -1, -1, -1, 11,  2,  2, -1, -1, -1,  0, -1, -1, -1, -1,  3,  0, -1,  2
iq1s  ,en  ,futu, 47, 11, -1, -1, -1, -1, -1,  0, -1, -1, -1, 18, -1,  0, 17,  0,  3,  7, -1,  8,  2, -1,  6,  9, -1, 11, -1, -1, -1, -1,  2,  0, -1, -1, 13, 12, -1, -1, 13, -1,  2,  2,  6,  5, 12, -1, 16, -1, 19,  4, -1, -1, -1, -1,  6, -1, -1, -1, 15, -1, -1, -1, -1, -1,  0, -1,  3, -1, -1, -1, -1, -1, -1,  3,  4,  6, -1, -1,  4, -1, 15, -1, -1, -1, -1, 12, 11,  7, 11, -1,  1,  4,  2, -1,  0, 18,  2, -1,  4,  1, -1
iq1s  ,en  ,past, 44, -1, -1, -1, 14, -1, -1, 17,  9, -1, -1, -1,  1,  6, -1, -1, -1,  4, -1,  6, 11,  7,  0, 17, 14, -1, -1,  2, -1, -1, -1, -1, -1, 17, -1,  5,  4, -1,  0,  5,  0, -1,  7,  3, 17, -1, -1,  5,  1,  0, -1, -1, -1, -1, 15, -1, -1, -1,  1, -1, -1, -1, -1, -1,  1, -1, 10, -1, -1, 14, 12, -1, -1, -1, -1,  1, -1,  8, -1, -1, -1, -1, -1,  4, -1, -1, -1,  5, 16, -1,  2,  0, 17, 15, -1,  3,  7, -1,  6, 14, -1
bf16  ,ko  ,pres, 13, -1, -1, -1,  0, -1, -1,  5, -1, -1, -1, -1, -1, -1, -1, -1,  0, -1, -1, -1, -1, -1, -1, -1, -1, -1,  4, -1, -1, -1, -1, -1, -1, -1, -1, -1, -1,  1, -1, -1, -1, -1,  8, -1, -1, -1, -1, -1, -1, -1, -1, -1,  3, -1, -1,  0, -1,  0,  0, -1, -1, -1, -1, -1, -1, -1, -1, -1, -1, -1, -1, -1, -1, -1,  2, -1, -1, -1, -1, -1, -1, -1, -1, -1, -1, -1, 12, -1,  0, -1, -1, -1, -1, -1, -1, -1, -1, -1, -1, -1, -1
bf16  ,ko  ,futu, 41, 15, -1, -1,  0, -1, -1,  0, -1, -1, -1,  0, -1,  1,  0,  2, 17,  3, -1,  3, -1, -1, -1, -1, 13,  1,  1, -1, -1, -1, -1, -1,  3, -1, -1, -1,  8,  1, -1,  2,  5,  3,  9, -1,  0, -1,  8, -1, -1, -1,  0, -1,  7,  3,  0, -1, -1,  0,  6, -1, -1, 16, -1, -1, -1, -1, -1, -1, -1, -1, -1,  7, -1, -1,  1,  1, -1,  7,  0, -1, -1,  0, -1, -1, -1,  0, -1, 18,  1, -1, -1, -1, 10, -1,  8, -1, -1, -1, -1, -1,  1
bf16  ,ko  ,past, 68,  0, -1, -1,  3, -1,  0,  4,  1, -1, -1,  6, -1,  0,  6,  0,  0,  0,  5,  7,  0, -1, -1, 12,  7,  1,  2, -1,  8, -1, -1, -1,  0, -1,  3,  1,  3,  0, 17,  0,  0,  0,  0, 14,  0,  5, 14, 18,  2,  0,  0,  6,  8,  0, 13, -1, -1,  2,  3, -1, -1, -1, -1, -1, -1, -1, -1, -1, -1, -1, -1,  0, 13, -1,  2,  0,  0,  4,  0,  1,  6,  1, -1, 10, -1,  0,  4,  0, -1,  6,  0, 12,  0, 12,  2, -1,  2, 17,  1,  6,  3
f16   ,ko  ,pres, 15, -1, -1, -1,  1, -1, -1,  0, -1, -1, -1, -1,  1, -1, -1, -1,  0, -1, -1, -1, -1, -1, -1, -1, -1, -1,  0, -1, -1, -1, -1, -1, -1,  6, -1, -1, -1,  1, -1, -1, -1, -1,  0, -1, -1, -1, -1, -1, -1, -1, -1, -1, -1, -1, -1,  0, -1,  5,  0, -1, -1, -1, -1, -1, -1, -1, -1, -1, -1, -1, -1, -1, -1, -1, 18, -1, -1, -1, -1, -1, -1, -1, -1, -1, -1,  7,  8, -1,  8, -1, -1, -1, -1, -1, -1, -1, -1, -1, -1, -1, -1
f16   ,ko  ,futu, 47, 11, -1, -1,  0, -1, -1,  2, -1, -1, -1,  1, -1,  0,  4,  2, 17,  1,  0,  2,  0, -1, -1, -1,  9,  0,  2, -1, -1, -1, -1, -1, -1,  3, -1, -1, 12, 12, -1,  3,  0,  0,  2, -1,  3, -1,  1, -1, -1, -1, 14, 12, 13,  2,  0,  0, -1,  3,  2, -1, -1, -1, -1, -1, -1, -1, -1, -1, -1, -1, -1,  2, 14, -1,  8,  0,  4, -1,  2, 18, -1,  6, -1, -1, -1,  0, 19, -1,  0, -1, -1, -1, 10, 19,  4, -1, -1, -1, -1, -1,  1
f16   ,ko  ,past, 68,  2, -1, -1, -1, -1,  1,  3,  0, -1, -1,  1, 14,  0,  1,  5,  0,  0,  1,  7,  4, -1, -1, -1, -1,  0,  1, -1,  6, -1, 18, -1,  2, -1,  0,  4,  4,  2,  0,  1,  0,  5,  1,  6,  0,  4, 16,  1,  1,  0,  3,  0,  3,  0,  0, 10, -1,  2, 18, -1, -1, -1, -1, -1, -1, -1, -1, -1, -1,  4, -1,  3, 16, -1,  1,  5,  1,  2,  1,  1,  4,  1, -1, 10, -1,  1, -1,  0,  0,  1, 17,  2,  1, -1,  1, -1,  1,  9,  0,  0,  2
q8_0  ,ko  ,pres, 11, -1, -1, -1,  0, -1, -1,  4, -1, -1, -1, -1, -1, -1, -1, -1,  6, -1, -1, -1, -1, -1, -1, -1, -1, -1,  8, -1, -1, -1, -1, -1, -1,  1, -1, -1, -1,  0, -1, -1, -1, -1,  2, -1, -1, -1, -1, -1, -1, -1, -1, -1, -1, -1, -1,  1, -1,  1,  0, -1, -1, -1, -1, -1, -1, -1, -1, -1, -1, -1, -1, -1, -1, -1, -1, -1, -1, -1, -1, -1, -1, -1, -1, -1, -1, -1, 14, -1, -1, -1, -1, -1, -1, -1, -1, -1, -1, -1, -1, -1, -1
q8_0  ,ko  ,futu, 41, 17, -1, -1,  4, -1, -1,  1, -1, -1, -1, 12, -1,  2,  1,  1,  2, 12, -1,  6,  0, -1, -1, -1, -1,  5,  7, -1, -1, -1, -1, -1, -1, -1, -1, 11,  0,  1, -1,  0, 15,  0, 11, -1,  0, -1, 16, 17, -1, -1,  0, -1, -1,  0,  5, -1, -1,  3,  1, -1, -1, -1, -1, -1, -1, -1, -1, -1, -1,  5, -1,  3, -1, -1,  4,  8, -1,  6,  0, -1, -1,  0, -1, -1, -1,  1, -1,  0, 10, -1, -1, -1, 16, -1, 11, -1, -1, -1, -1, -1,  0
q8_0  ,ko  ,past, 68,  3,  3, -1,  0, -1,  7,  4,  1,  0, 13,  0,  5,  0,  0,  0,  0,  2,  4, -1,  0, -1, -1, -1, -1,  0,  1, -1,  0, -1, 11, -1,  0, 10,  9,  0, 19,  2,  1,  1,  2,  2,  0, -1,  0,  0,  8,  6,  0,  0,  0,  1,  4,  2,  7, -1, -1, 14, 10, -1, -1, -1, -1, -1, -1, -1, -1, -1, -1,  5, -1,  0, 16, -1, -1,  0,  0,  0,  0, 12,  2,  0, -1, -1, -1,  1, -1,  0, 12,  5,  0,  4,  7, -1,  0, -1,  1, 17,  8,  0,  2
q6k   ,ko  ,pres, 13, -1, -1, -1,  0, -1, -1,  1, -1, -1, -1, -1, -1, -1, -1, -1,  5, -1, -1, -1, -1, -1, -1, -1, -1, -1,  1, -1, -1, -1, -1, -1, -1,  1, -1, -1, -1,  1, -1, -1, -1, -1,  3, -1, -1, -1, -1, -1, -1, -1, -1, -1, 17, -1, -1,  1, -1,  1,  0, -1, -1, -1, -1, -1, -1, -1, -1, -1, -1, -1, -1, -1, -1, -1, -1, -1, -1, -1, -1, -1, -1, -1, -1, -1, -1, -1,  9, -1,  3, -1, -1, -1, -1, -1, -1, -1, -1, -1, -1, -1, -1
q6k   ,ko  ,futu, 45, 18, -1, -1,  2, -1, -1,  5, -1, -1, -1,  4, -1,  4,  5, -1,  8, 19,  4,  5,  5, -1, -1, -1,  1,  4,  4, -1, -1, -1, -1, -1, -1, -1, -1, -1, 11,  4, -1, 13,  0,  3, -1, -1,  2, -1,  4,  0,  3,  2, -1, -1, -1,  0,  9,  0, -1,  1,  1, -1, -1, -1, -1, -1, -1, -1, -1, -1, -1, -1, -1,  3, -1, -1,  1,  6,  4, 17,  0, -1,  0,  3, -1, -1, -1,  0,  2, 11, 16, -1, -1, -1, 18, -1,  3, -1, -1, -1, -1,  7,  6
q6k   ,ko  ,past, 68,  2, -1, -1,  4, -1,  1,  4,  0, -1, -1,  2,  8,  0,  1,  3,  1,  0,  0,  0,  1, -1, -1, -1, 16,  0,  2, -1,  9, -1, 11, -1,  1, -1,  4,  0, -1,  0,  5,  2,  0,  2,  3,  0,  0,  5,  6,  1,  2,  0,  4,  1,  1,  0,  0, -1, -1,  4,  1, -1, -1, -1, -1, -1, -1, -1, -1,  5, -1, -1, -1,  7,  2, -1,  1,  0,  0,  2,  0,  2,  1,  1, -1,  4, -1,  0,  2,  7, -1,  1,  0,  3,  0, -1,  3, -1,  0,  8,  5,  3,  5
q5km  ,ko  ,pres, 12, -1, -1, -1,  1, -1, -1,  0, -1, -1, -1, -1, 14, -1, -1, -1,  1, -1, -1, -1, -1, -1, -1, -1, -1, -1,  0, -1, -1, -1, -1, -1, -1, 10, -1, -1, -1,  0, -1, -1, -1, -1,  0, -1, -1, -1, -1, -1, -1, -1, -1, -1, -1, -1, -1,  0, -1,  0,  1, -1, -1, -1, -1, -1, -1, -1, -1, -1, -1, -1, -1, -1, -1, -1, -1, -1, -1, -1, -1, -1, -1, -1, -1, -1, -1, -1,  8, -1, -1, -1, -1, -1, -1, -1, -1, -1, -1, -1, -1, -1, -1
q5km  ,ko  ,futu, 50, -1, -1, -1,  3, -1,  4,  9, -1, -1, -1,  3, -1,  2,  4,  1,  0,  4, 10,  6,  1, -1, -1, -1,  6,  2, 11, -1, -1, -1, -1, -1, 16,  3, -1, -1, 17,  1, -1,  3,  6,  0,  6, -1,  1, -1,  1,  8, -1, -1,  8, -1, 17,  3, 13, -1, -1,  2,  0, -1, -1, -1, -1, -1, -1, -1,  1, -1, -1, 10, -1,  2, -1, -1,  0,  5,  0,  6,  1, -1, 12,  0, -1, -1, -1,  3, 10,  2,  5, -1, -1, -1,  1, -1,  2, -1, -1, -1, -1,  9,  1
q5km  ,ko  ,past, 68,  1, -1, -1,  8, -1,  2,  3,  0, -1, -1,  0,  4,  0,  6,  3,  3,  1,  3,  1,  0, -1, -1, 14, -1,  0,  2, -1, 13, -1, -1, -1,  1, -1,  8,  1,  4,  0,  2,  0,  0,  0,  0,  1,  0,  1, 12,  0,  5,  0,  1,  1,  0,  0,  1, 10, -1,  0, 14, -1, -1, -1, -1, -1, -1, -1,  3, -1, -1, -1, -1,  0, 12, -1,  6,  1,  0,  1,  0,  4,  3,  3, -1, -1, -1,  0, -1,  1, 15,  0, 13,  4,  6, -1,  2, -1,  2, 19,  0,  3,  0
iq4nl ,ko  ,pres, 12, -1, -1, -1,  3, -1, -1,  5, -1, -1, -1, -1, -1, -1, -1, -1,  5, -1, -1, -1, -1, -1, -1, -1, -1, 14,  1, -1, -1, -1, -1, -1, -1, -1, -1, -1, -1,  0,  0, -1, -1, -1,  1, -1, -1, -1, -1, -1, -1, -1, -1, -1, -1, -1, -1,  6, -1,  0,  0, -1, -1, -1, -1, -1, -1, -1, -1, -1, -1, -1, -1, -1, -1, -1, -1, -1, -1, -1, -1, -1, -1, -1, -1, -1, -1, -1, 18, -1, -1, -1, -1, -1, -1, -1, -1, -1, -1, -1, -1, -1, -1
iq4nl ,ko  ,futu, 43, -1, -1, -1,  0, -1, -1,  0, -1, -1, -1,  2, 18,  1,  0,  3,  9, 19,  2,  5, 10, -1, -1, -1,  4,  6,  3, -1, -1, -1, -1, -1,  1, -1, -1, -1,  9,  2, 10,  2,  2,  3, 17, -1,  4, -1, -1, -1, -1, -1,  6, -1, -1,  0,  1,  9, -1,  0,  1, -1, -1, -1, -1,  4, -1, -1, -1, -1, -1,  5, -1,  9, -1, -1,  5, -1, 12,  9,  3, -1, 14, 12, -1, -1, -1,  0, -1, -1,  4, -1, -1, -1, -1, -1,  2, -1, -1, -1, -1, -1,  0
iq4nl ,ko  ,past, 66,  0,  8, -1,  3, -1,  2,  3,  1, -1, -1,  4, -1, 11,  0,  7,  1,  3,  5,  2,  8, -1, -1, -1, -1,  2,  2, -1,  1, -1, -1, -1,  1, -1,  2,  0,  8,  1,  5,  1,  0,  0,  1,  0,  0,  0,  1,  0,  0,  0,  2,  0,  5,  0,  2, -1, -1, 10,  3, -1, -1, -1, -1, -1, -1, -1,  1, -1, -1, -1, -1,  3, -1, -1, 10,  4,  0,  1,  2,  2,  4,  5, -1,  8, -1,  0,  6,  9, -1,  0,  7,  1,  1, -1,  5, -1,  0,  3,  1,  1,  3
iq4xs ,ko  ,pres, 13, -1, -1, -1,  0, -1, -1,  0, -1, -1, -1, -1, -1, -1, -1, -1,  3, -1, -1, -1, -1, -1, -1, -1, -1,  8,  0, -1, -1, -1, -1, -1, -1, -1, -1, -1, -1,  0, 12, -1, -1, -1,  1, -1, -1, -1, -1, -1, -1, -1, -1, -1, -1, -1, -1, 12, -1,  1,  1, -1, -1, -1, -1, -1, -1, -1, -1, -1, -1, -1, -1, -1, -1, -1, -1, -1, -1, -1, -1, -1, -1, -1, -1, -1, -1, 12,  0, -1, -1, -1, -1, -1, -1, -1, -1, -1, -1, -1, -1, -1, -1
iq4xs ,ko  ,futu, 48, -1, -1, -1, 10, -1,  1,  1, -1, -1, -1,  3, -1,  0,  4,  2, -1, -1,  6, 10,  0, -1, -1, -1,  9,  1,  3, -1, -1, -1, -1, -1,  0, -1, -1, 14, 15,  3, -1,  0,  4,  0,  9,  9,  6, -1,  2, -1, -1, 14,  4, -1, 10,  1,  0, -1, -1,  9,  0, -1, -1, -1, -1, -1, -1, -1, -1, -1, -1, 19, -1, 10, -1, -1,  0,  0,  8,  1,  0, -1, 11,  2, -1, -1, -1,  4, -1,  0,  2, -1, -1, -1,  2, -1,  8, -1, -1, -1, 13, 10,  0
iq4xs ,ko  ,past, 69,  0, 14, -1,  8, -1,  7,  6,  0, -1, -1,  1, -1,  0,  0,  0,  3,  0,  1,  0,  0, -1, -1, -1,  4,  4,  0, -1, 18, -1, -1, -1,  0, -1,  2,  0,  2,  2,  0,  0,  1,  0,  3,  4,  0,  0,  1,  1,  0,  0,  0, 10,  0,  1,  1, -1, -1,  8,  8, -1, -1, -1, -1, -1, -1, -1, 16, -1, -1, -1, -1,  3,  5, -1,  9,  2,  0,  1,  0,  4,  2,  0, -1, 14, -1,  0, -1,  5,  5,  2,  5,  2,  1, 19,  3, -1,  1, 12,  0,  3,  1
q4km  ,ko  ,pres, 13, -1, -1, -1,  0, -1, -1,  6, -1, -1, -1, -1, -1, -1, -1, -1,  1, -1, -1, -1, -1, -1, -1, -1, -1, 12,  2, -1, -1, -1, -1, -1, -1, -1, -1, -1, -1,  1, -1, -1, -1, -1,  0, -1, -1, -1, -1, -1, -1, -1, -1, -1,  8, -1, -1,  0, -1,  0,  0, -1, -1, -1, -1, -1, -1, -1, -1, -1, -1, -1, -1, -1, -1, -1,  8, -1, -1, -1, -1, -1, -1, -1, -1, -1,  4, -1, -1, -1, -1, -1, -1, -1, -1, -1, -1, -1, -1, -1, -1, -1, -1
q4km  ,ko  ,futu, 43, 16, -1, -1,  1, -1, -1,  0, -1, -1, -1,  2, -1,  1,  0,  8, 10,  6, -1,  8,  9, -1, -1, -1, 10,  9, -1, -1, -1, -1, -1, -1, -1, -1, 18,  5, 15,  4, -1, 10,  1,  2,  2, -1,  3, -1, -1, -1, -1, -1,  7, -1, 19, 14,  3, 19, -1,  0,  0, -1, -1, -1, -1, -1, -1, -1, -1, -1, -1, -1, -1,  4, -1, -1,  3,  4,  0,  5,  2, -1, -1, 13, -1, -1, -1,  0, 12, -1, 12, -1, -1, -1,  9,  9,  7, -1, -1, -1, -1, -1,  0
q4km  ,ko  ,past, 60,  3, -1, -1, 17, -1,  5,  5,  0, -1, -1,  3, -1,  2,  1, 12,  0, 10,  6, -1, -1, -1, -1, -1, -1,  4,  2, -1,  5, -1,  6, -1,  0, -1, -1,  0, -1,  0, -1,  4,  4,  0,  0,  7,  0,  7,  6,  0,  2,  0,  1,  0,  8,  0,  8, -1, -1,  1,  6, -1, -1, -1, -1, -1, -1, -1,  5, -1, -1, -1, -1,  6,  7, -1,  5, 10,  0,  4,  0,  2,  7,  0, -1, -1, -1,  0, -1,  8,  2,  1,  4, -1,  0, -1,  3, -1,  1, 15,  0,  7,  0
q4_1  ,ko  ,pres, 23,  5, -1, -1,  0, -1, 18,  1, -1, -1, -1, -1,  4,  0, -1, -1,  1, -1, -1, -1, -1, -1, -1, -1, -1,  2,  1, -1, -1, -1, -1, -1, -1,  9, -1, -1, -1,  7, -1, -1, -1,  6,  1, -1, -1, -1, -1, -1, -1, -1, -1, -1,  0, -1, -1,  0, -1,  0,  0, -1, -1, -1, -1, -1, -1, -1, -1, -1, -1, -1, -1, -1, -1, -1,  0, -1,  8, -1, -1, -1, -1, -1, -1, -1, -1,  8,  0, -1,  3, -1, -1, -1, -1, -1, -1, -1, -1, -1, -1, -1, 15
q4_1  ,ko  ,futu, 52,  2, -1, 18,  1, -1, -1, 13, -1, -1,  4,  0, -1,  0,  4,  0,  5,  3,  2, -1,  3, -1, -1, -1, -1,  2,  0, -1, -1,  7,  7, -1,  3, -1, -1, -1,  0,  0, -1,  8,  5,  8,  0,  6,  0, -1,  1, -1, 12, 13,  4, -1,  2,  0,  9, -1, -1,  0,  0, -1, -1, -1, -1, -1, -1, -1, -1, -1, -1,  0, -1, -1, -1,  1,  0,  0,  1, 10,  0, 12, 12, 12, -1, -1, -1,  0,  4, -1,  1, -1, 16, -1, -1, -1,  5, -1, -1, -1, -1,  5,  0
q4_1  ,ko  ,past, 72,  2, -1, -1,  0, -1,  0,  2,  1, -1, -1,  2,  1,  1,  1, -1,  2,  0,  1,  4,  4, -1, -1,  3, -1,  0,  0, -1, 14, 14,  8, -1,  0, -1,  9,  0,  0,  8,  1, 11,  0,  9, -1,  7,  0,  3,  5, 12,  0,  0,  6,  1,  1,  0,  2, -1, -1,  3,  3, -1, -1, -1,  7, 14, -1, -1, 18, -1, -1, -1, -1,  3,  1, -1, 10,  0,  0, 13,  0,  0,  6,  2, -1, 10, -1,  0,  2,  5,  2,  3,  2,  0,  3,  3,  4, -1,  0,  7,  0,  3,  0
q4_0  ,ko  ,pres, 16, -1, -1, -1,  0, -1, -1,  0, -1, -1, -1, -1, -1, -1, -1, -1,  0, -1, -1, -1, -1, -1, -1, -1, -1,  1,  0, -1, -1, -1, -1, -1, -1, -1, -1, -1, -1,  4, -1, -1, -1, -1,  1, -1, -1, -1, -1, -1, -1, -1, -1, -1, -1, -1, -1,  3, -1,  0,  0, -1, -1, -1, -1, -1, -1, -1, -1, -1, -1, -1, -1, -1, -1, 18, -1, -1, -1, -1, -1, -1, -1, -1, -1, -1, 10,  0,  2, -1,  4, -1, -1, -1, -1, -1, -1, -1, -1, -1, -1, -1,  6
q4_0  ,ko  ,futu, 43, -1, -1, -1,  2, -1, -1,  0, -1, -1, -1,  1, -1,  1,  1,  8, 10,  7,  6,  0,  9, -1, -1, -1, -1,  0,  4, -1, -1, -1, -1, -1, -1, -1, -1, -1,  8, 11, -1,  0,  8,  0,  1,  4,  0, -1,  6, -1, -1, -1,  2, -1, -1,  9,  8, -1, -1,  0,  2, -1, -1, -1, -1, -1, -1, -1, -1, -1, -1,  0, -1,  0, -1, -1,  1,  5,  1,  1,  8, -1,  9,  8, -1, -1, -1,  1, -1,  5,  0, -1, -1, -1, -1, -1,  5, -1,  4, -1, -1,  8,  3
q4_0  ,ko  ,past, 68,  0, -1,  1, 18, -1,  2,  6,  0, -1, -1,  0,  4,  1,  0,  6,  4,  6, -1,  3,  0, -1, -1,  2, 15,  0,  2, -1,  8, -1,  1, -1,  0, -1, -1,  0,  0,  2,  4,  8,  0, 10,  2, -1,  0,  0, 15,  2,  2,  0,  0,  2,  3,  2,  1, -1, -1,  0,  7,  2, -1, -1, -1,  7, -1, -1, -1, -1, -1, -1, -1,  7,  1, -1,  8,  3,  1,  1,  0,  3,  1,  3, -1, -1, -1,  0, -1,  2, 11,  2,  0,  1,  3,  7,  0, -1,  0, -1,  2,  0,  0
iq3m  ,ko  ,pres, 22,  8, -1, -1, 11, -1,  0,  0, -1, -1, -1, -1, -1,  0, -1, -1,  7, -1, -1, -1, -1, -1, -1, -1,  0,  0,  3, -1, -1,  3,  3, -1, -1,  7, -1, -1, -1,  6, -1, -1, -1, -1,  1, -1, -1, -1, -1, -1, -1, -1, -1, -1, -1, -1,  0,  0, -1,  0,  1, -1, -1, -1, -1, -1, -1, -1, -1, -1, -1, -1, -1, -1, -1,  4,  0, -1, -1, -1, -1, -1, -1, -1, -1, -1, -1, -1,  1, -1,  4, -1, -1, -1, -1, -1, -1, -1, -1, -1, -1, -1, -1
iq3m  ,ko  ,futu, 57,  0, -1, -1,  2, -1,  7,  8, -1, -1, -1,  5,  6,  3,  4,  2, 10,  6, -1,  5,  4, -1, -1,  9, -1,  2,  0, -1, -1, 14, 13, -1,  1, -1, -1,  3, -1,  2,  9, 12,  2,  8,  0, -1,  0, 12,  7, -1,  0,  8,  2, -1, 15,  8,  3, -1, -1,  0,  0, -1, -1, -1, -1,  7, -1, -1, -1, -1, -1,  0, -1, 11, -1, -1,  1, -1, -1,  3,  8,  1,  1,  7, -1, -1, -1,  2,  2, 17,  1,  6,  6, -1,  0, 15,  1, -1, -1, 10, -1, -1,  3
iq3m  ,ko  ,past, 67,  1,  7, -1, 15, -1,  2, -1, -1, -1, -1,  0, 14,  3,  4,  0,  1,  2, 19,  1,  0, -1, -1,  0,  1,  0,  0, -1,  0,  5, 15, -1,  0, 12, -1,  0, -1,  4,  9,  2,  6,  7,  4, 14,  2,  0,  5,  6,  1,  1, -1,  9, 12,  3,  0, -1, -1, 16, -1, -1, -1, -1, -1, -1, -1, -1,  4, -1, -1, -1, -1,  0,  0, -1,  3,  1,  1, -1,  0,  2,  1,  4, -1, -1, -1,  1,  3,  1, 18,  0,  0,  8,  0, 14,  1, -1,  0,  0,  2,  4,  2
iq3s  ,ko  ,pres, 64,  0,  2,  4,  4, -1,  8,  3, 11, -1, -1, -1, -1,  9, 11, 10, -1,  0, -1, -1, -1, -1,  3,  7, -1,  0,  1,  5, -1, 16, -1,  4,  1, -1, -1,  4,  3, -1,  0,  5,  2,  5, -1,  0,  0,  0,  7,  9,  1,  1,  1,  3,  8,  7,  1,  8, -1, -1,  4, -1, -1,  3,  2,  0,  1, -1, -1,  1, 13,  0,  1,  8,  2, 13,  1, -1,  1, -1,  3, -1, -1, -1, -1,  5, -1, -1, -1,  5, -1, 13,  0,  1,  0,  8, -1, -1,  0,  1, 16,  4, -1
iq3s  ,ko  ,futu, 70,  1,  2, -1,  3, -1, 12,  0,  0,  0, -1, -1, -1,  1,  0,  6, -1,  3,  1,  6, -1, -1,  6,  1, -1,  0,  0,  1, -1, -1, -1,  1,  8, -1, -1,  8,  0, -1,  0,  1,  1,  5, -1,  0,  0,  0,  5,  4,  2,  1, 15,  2,  0, 19,  2, 16, -1, -1,  3, -1, -1,  4,  0,  0,  0,  0,  1,  4,  0,  0, -1,  7,  7,  9,  1, -1,  5, 18,  1, 10,  9, -1, -1,  1, -1, -1, -1,  0,  5, 12,  0,  4,  2,  2, -1, -1, 10,  1, -1,  0,  0
iq3s  ,ko  ,past, 67,  1,  3,  1,  6, -1,  1,  0,  0, 13,  6, -1, -1,  9, -1, 18, 15,  6, -1,  4, -1, -1,  6,  0, -1,  0,  0,  0, -1, 12, -1,  4,  1, -1, -1,  0,  1,  3,  0,  0,  0,  4, -1,  3,  2,  1,  2, 10,  8,  4,  0,  0,  3, -1,  8, -1, -1,  8, -1, -1, -1, -1,  0,  3,  3,  1,  3,  5, -1,  1, -1,  0,  3, -1,  1,  3,  2, -1, -1, 11,  9, -1, -1,  0, -1, -1, -1, 11, -1,  6,  1, 18,  5,  5, -1, 11,  0,  1, -1,  6, 11
iq3xxs,ko  ,pres, 23,  0, -1, -1,  0, -1,  3,  0, -1, -1, -1, -1, -1,  1,  4, -1,  0, -1, -1, -1, -1, -1, -1, -1, -1, 19,  2, -1, -1,  7, -1, -1, -1, 13, -1, -1, -1,  2,  8, -1, -1,  8,  5, -1, -1, -1, -1, -1, -1, -1, -1, -1,  3, -1,  0, -1, -1,  0,  1, -1, -1, -1, -1,  2, -1, -1, -1, -1, -1, -1, -1, -1, -1, -1, -1, -1, -1, -1, -1, -1, -1, -1, -1, -1, -1, -1,  4, -1, -1, -1, 12, -1, -1, -1, -1, -1, -1, -1, -1, -1,  2
iq3xxs,ko  ,futu, 47,  0, -1, -1,  4, -1, 16,  2, -1, -1, -1,  9, -1,  1,  4,  0,  5, -1,  9,  3,  0, -1, -1, -1, -1, 13,  2, -1, -1,  8, -1, -1, -1, 12, -1, -1, -1,  0, -1, 18,  0, 11, 14, -1,  7, -1, -1, -1,  2,  2,  3, -1, 10, -1, 13, -1, -1,  0,  0, -1, -1, -1, -1,  2, 11, -1,  2, -1, -1,  1, -1, -1,  6,  6,  1, -1, -1, -1, 17, -1, -1,  0, -1, -1, -1,  0, -1,  4, -1,  6,  1, -1,  2, -1,  3, -1,  5,  4, -1, -1,  0
iq3xxs,ko  ,past, 66,  0, -1, -1, 10,  2,  2,  3,  0, -1, -1, 12, 16,  1,  0,  3,  6, 12, -1,  5,  8, -1, -1,  0,  5,  0,  1, -1, -1, 12,  0, -1,  0, 14, -1,  1,  2,  0,  1,  0,  0,  6,  4, -1,  0,  7, -1,  4,  1,  0, 15, -1,  1,  2,  1, -1, -1,  1,  1, -1, -1, -1, -1,  4, -1, -1,  3, -1, -1, -1, -1, 15, 12, -1,  3,  4,  4,  1,  3, 12,  0,  0, -1, -1, -1,  0, 11,  2, -1, 12,  3,  1,  2, -1,  3, -1,  1,  1, -1,  0, 19
q3kl  ,ko  ,pres, 19, -1, -1, -1,  6, -1, -1,  0, -1, -1, -1, -1, -1, 13, -1, -1,  5, -1, -1, -1, -1, -1, -1, -1, -1,  1,  5, -1, -1, -1, -1, -1, -1, -1, -1, -1, -1,  1,  0,  4, -1, -1,  2, -1, -1, -1, -1, -1, -1, -1, -1, -1, 16, -1, -1,  0, -1,  0,  0, -1, -1, -1, -1,  4, -1, -1, -1, -1, -1, -1, -1, -1, -1, -1,  0, -1, -1, -1, -1, -1, -1, -1, -1, -1, -1, -1,  4, -1,  1, -1, -1, -1, -1, -1, -1, -1, -1, -1, -1, -1, 13
q3kl  ,ko  ,futu, 48, -1, -1, -1,  2, -1,  7, 10, -1, -1, -1,  2, -1,  0,  3,  1,  0,  1,  0,  3,  5, -1, -1, -1,  9,  2,  2, -1, -1, -1, -1, -1, -1,  7, -1,  2, -1,  4,  2,  1,  3,  1, -1, -1,  7, -1,  5, -1, -1,  3,  1, -1,  3,  1,  1,  9, -1,  4,  0,  2, -1, -1, -1, -1, -1, -1, -1, -1, -1, -1, -1,  1, 18, -1,  0,  1,  1, 12,  9, -1, -1,  4, -1, -1, -1,  0, -1, 14,  0, -1,  7, -1, -1, -1,  8, -1, -1, -1, -1, 14,  2
q3kl  ,ko  ,past, 68,  0, -1, -1,  0, -1,  0,  3,  0, -1, -1,  5, -1,  5, 10,  4,  1,  0, 10,  1,  0, -1, -1, -1, -1,  0,  1, -1,  5, -1, 10, -1,  0, -1,  1,  2,  4,  0,  0,  6,  0,  0,  6, 14,  0,  1, 12,  5,  2,  0,  3,  0,  2,  0,  0,  2, -1,  4,  0, -1, -1, -1, -1,  5, -1, -1, -1, -1, -1,  4, -1,  1,  2, -1,  2,  0,  2,  8,  0,  7,  0,  1, -1, -1, -1,  0, -1,  0,  1,  0,  7,  1,  3, -1,  2, -1,  0,  3,  4,  6, 16
q3km  ,ko  ,pres, 23, -1, -1, -1,  1, -1, -1,  2, -1, -1, -1, -1, -1, 11, -1, -1,  9, -1, -1, -1, -1, -1, -1, -1, -1,  4,  1, -1, -1, -1, -1, -1, -1, 12, -1, -1, -1,  4,  0,  3, -1, -1,  1, -1, -1, -1, -1, -1, -1, -1, -1, -1,  1, -1, -1,  1, -1,  0,  3, -1, -1, -1, -1,  7, -1, -1, -1, -1, -1, -1, -1, -1, -1, -1,  5, -1, -1, -1, -1, -1, -1, -1, -1, -1,  4,  4,  1, -1,  1, -1,  5, -1, -1, -1, -1, -1, -1, -1, -1, -1,  3
q3km  ,ko  ,futu, 50,  2, -1, -1,  7, -1, -1, 11, -1, -1, -1,  2, -1,  0,  1,  0, -1,  9,  5, -1,  6, -1, -1, -1,  1,  0,  0, -1, -1, -1, -1, -1, 11, -1, -1,  3, -1,  2,  3,  1,  0,  1,  9, 12,  2, -1,  1,  6,  9, 15, 19, -1,  2,  0,  1, -1, -1,  1,  0, -1, -1, -1, -1, -1, -1, -1, -1, -1, -1,  2, -1, -1, -1, -1,  1,  4,  8,  2,  1, -1,  3,  4, -1, -1, -1,  3,  1, 15,  4, -1,  1, -1,  4, -1,  0, -1, -1, 15, -1, -1,  2
q3km  ,ko  ,past, 67,  0, -1, -1,  3, -1,  1,  3,  1, 11, -1, -1, -1,  1,  0,  3,  6,  0,  4, 17,  4, -1, -1, -1, -1,  0,  2, -1, -1, -1, 11, -1,  0, -1,  4,  4, -1,  0,  0,  8,  2,  2,  3,  6,  0,  0,  8,  1,  4,  0,  2,  4,  1,  2,  0, -1, -1,  3,  4, -1, -1, -1, -1,  6, -1, -1, -1, -1, -1, 15, -1,  1,  0, -1,  3,  1,  0,  2,  3,  7,  3,  0, -1,  0, -1,  0,  5,  1, 13,  1,  1,  2,  5, -1,  5, -1, 11,  0,  2,  2,  2
q3ks  ,ko  ,pres, 29,  2, -1, -1,  3, -1,  3,  1, -1, -1, -1, -1, -1, -1, -1, -1,  0, -1, -1, -1, -1, -1, -1, -1, -1, -1,  7, -1, -1,  5, -1, -1,  9,  4, -1, -1, -1,  8, 19, -1, -1, -1,  4, -1, -1, -1, -1, -1, -1, -1, 14, 17, 12, -1,  0, 18, -1,  7,  2, -1, -1, -1, -1, -1, -1, -1, -1, -1, -1, -1, -1, -1, -1, -1,  0, -1, -1, 14, -1, -1, -1, -1, -1, -1, -1, 17,  8,  3, -1, 14,  4, -1, -1, -1, -1, -1,  2,  1, -1, -1,  6
q3ks  ,ko  ,futu, 63, 11, -1, -1,  0, -1,  1,  0, -1, -1, -1,  3,  0,  0,  5,  1, -1,  1,  4,  9,  4, -1, -1,  4,  6,  0, 13, -1, -1,  0, 10, -1,  1, -1, -1,  2,  0,  6,  1,  0,  1,  4,  9,  1,  1, -1, 18, -1,  5, 11,  4, -1,  0,  2,  2, -1, -1, 11,  0, -1, -1, -1,  1, 11, -1, -1, -1, -1, -1,  1, -1,  7,  0,  1,  0,  2,  3,  9,  0, -1,  0,  8, -1, -1, -1,  0, -1,  6,  0,  1, 13, -1,  2, -1,  1, -1,  2,  0, -1,  0, 16
q3ks  ,ko  ,past, 72,  1, -1, 10,  2, -1,  0,  0,  0, -1, -1,  4,  7,  4,  2,  2, -1,  2,  0,  3,  0, -1, -1,  9, -1,  1,  5,  3, 19, 19, -1, -1,  4,  4,  1,  0,  0,  4,  0,  3,  0,  0,  5,  5,  0,  9,  3,  0,  0,  1,  4,  8,  0,  9,  2, -1, -1,  0, -1, -1, -1, -1, -1,  6, -1, -1, -1, 12, -1,  1, -1,  6,  0, -1,  0,  4,  0, -1,  0,  5,  0,  4, -1,  5, -1,  0,  4,  0,  6,  0,  1,  9,  8, -1, 10, -1,  0,  0,  2,  0, 15
iq2m  ,ko  ,pres, 29,  2, -1, -1,  0, -1,  1,  0, -1, -1, -1, -1, -1, -1, -1, -1,  2, -1, -1,  4, -1, -1, -1, -1, -1, -1,  0, -1, -1, -1, -1, -1, -1,  3, -1, -1, -1,  1, -1, -1, -1, -1,  2, -1, -1, -1, -1, -1, -1, -1,  8, 15, 16, -1,  1, 15, -1,  0,  2, -1, -1, 19, -1, -1, -1, -1, -1, -1, -1, -1, -1, -1, -1, 15,  1, -1, -1, 17, -1, -1,  7, -1, -1, -1, -1, 12,  5,  0, -1, -1,  7, -1, -1, -1, -1, -1, 18,  5, -1, -1,  2
iq2m  ,ko  ,futu, 48,  0, -1,  4,  2, -1, 15,  1, -1, -1, -1, 18, -1,  4,  6,  4,  4, -1, 10,  0,  9, -1, -1,  0, -1,  0,  0, -1, -1, 19, 13, -1, 14, -1, -1, -1, 15,  4, -1,  2,  5,  6,  1, -1,  0, -1, -1, -1, 11, -1,  1, -1, 12, -1,  0,  4, -1,  0,  0, -1, -1, -1, -1,  1, -1, -1,  7, -1, -1, -1, -1, 18, -1, -1,  2, 17, -1, -1,  1, -1, -1,  9, -1, -1, -1,  8, -1,  6, -1, 15, 11, -1, -1, 19,  5, -1, -1,  1, -1,  9, -1
iq2m  ,ko  ,past, 69,  2,  1, -1,  1, -1,  4,  1,  1, 11, -1,  0, -1,  0,  1,  0,  0,  1,  0, -1,  6, -1, -1,  3, -1,  1,  0, -1,  4,  9, 16, -1,  0, -1,  7,  4,  0,  0,  8,  1,  1,  4,  2, 16,  1,  0, 10,  2,  1,  1,  1,  6,  0,  2,  3, -1, -1,  0,  3, -1, -1, -1, -1,  4, -1, -1, -1, -1, -1, -1, -1, 10, 18, -1,  7,  1,  0,  9,  0, -1,  3,  1, -1, -1, -1,  5, -1,  0, 19,  0,  2,  0,  0, -1,  0,  7,  2,  1,  0,  1, 18
iq2s  ,ko  ,pres, 39,  0, -1, -1,  3, -1,  1,  1, -1, -1, -1, -1, -1,  1,  1, -1,  0, 16, -1, -1, -1, -1, -1, 12, -1,  1,  3, -1, -1,  2,  1, -1,  0,  7, -1,  3, -1,  0,  3, -1, -1,  7, 18, -1, -1, -1, -1, -1,  1, -1,  1, -1,  3, -1,  1,  2, -1,  0,  1, -1, -1, -1, -1,  1, -1, -1, -1, -1, -1,  9, -1, 11, -1,  2,  2, -1, -1, -1, -1, -1, -1, -1, -1, -1, -1, -1,  1,  0, -1, -1, 16, -1, -1,  0, -1, -1,  0,  3, -1, -1,  5
iq2s  ,ko  ,futu, 55,  0, -1, -1,  1, -1,  1,  3, -1, -1, -1,  1, 15,  0, 14,  2,  5, -1,  0,  0,  0, -1, -1,  7, -1,  1,  3, -1, -1, -1,  8, -1,  1, -1,  2, -1, -1,  1, -1,  2,  1,  0,  6, -1,  3, -1, 13, -1, 14, -1,  4, -1,  0,  5,  1, 10, -1,  0,  0, -1, -1, -1, 11,  1, -1, -1, 11, -1, -1,  8, -1,  4, 18, 12,  0, 16, 15,  9,  6, -1, -1,  4, -1, -1, -1, -1, -1,  3, -1, -1, 12, -1, -1,  8,  2, -1,  0, 15, -1,  0,  0
iq2s  ,ko  ,past, 70,  2, -1, 12,  5, -1,  1,  3,  2, -1, -1,  2,  3,  1,  0,  0, 16,  0,  0,  6,  0, -1, -1,  0, -1,  1,  0, -1, -1, -1,  4, -1,  1, -1, 11,  0,  4,  6,  7,  1,  1, 11,  0,  4,  0,  4,  5, -1,  0,  7,  3, -1,  0, 16,  1, -1, -1,  5, 10, -1, -1,  8, -1,  4, -1, -1,  7, -1, -1,  2, -1, -1,  4, 13,  0,  1,  0, 18,  0, 13,  0,  8, -1,  2, -1,  0,  6,  1,  2,  2,  7,  0,  1, -1,  1, -1,  1,  2,  4,  1, -1
iq2xs ,ko  ,pres, 52,  0, -1, -1,  1, -1,  0,  0, -1,  2, -1, -1,  7,  1,  2, -1,  0,  5, -1,  0, -1, -1, -1, 14, -1,  0,  0, -1, -1,  1,  4, -1, -1, 11, -1, -1, -1,  0,  0,  2, -1,  2,  1, -1,  0,  0, -1, -1,  5,  0, 16,  8,  0, 13,  1,  0, -1,  0,  2, -1, -1, -1, -1, -1, -1, -1,  3, -1, -1,  1, -1, -1,  0,  0,  2, -1,  0, -1, -1,  1, 11, -1, -1, -1, -1,  0,  2,  1, 14,  0, -1, -1, -1,  0, -1, -1,  0,  0, -1,  4,  0
iq2xs ,ko  ,futu, 64,  0, -1,  2,  0, -1, 13,  2, -1,  9, -1, 14, -1,  0,  1, -1, 10,  9,  2, -1,  1, -1, -1, 15, -1,  9,  2,  7, -1,  2, -1, -1, -1, -1, -1, 13, -1,  9,  7,  2,  3,  3,  0,  0,  0,  1, 15, -1,  1,  3, -1,  0,  3, -1,  3, 12, -1,  0,  0, -1, -1, -1,  0,  4,  2, -1, 14,  2, -1,  2, -1, -1,  2,  0,  0, 18,  4,  0,  3,  5, -1, 10, -1, -1, -1, -1, -1,  8, -1,  3,  4,  0,  7,  3, 19, -1,  0,  4, 15,  7,  1
iq2xs ,ko  ,past, 73,  3, -1,  2,  6, -1,  4,  7,  0,  7, -1,  1,  0,  2,  1,  2, -1,  5,  3, 10,  4, 18, -1,  2, -1,  1,  0, -1, -1,  6, 16,  1,  1, -1, -1, 14,  3,  0,  3,  4,  3,  5,  2,  0,  2,  1,  5,  4,  0,  2,  2,  5,  4,  9,  0,  7, -1, 10,  4, -1, -1, -1,  4,  0,  1, -1, -1, -1, -1, 10, -1, -1,  1,  2,  0,  2,  2, -1,  1,  4,  6,  0, -1, 17, -1, 11, 19,  1, -1,  5,  2,  0,  5, -1,  5, -1,  5,  0,  0,  0, -1
iq2xxs,ko  ,pres, 64,  7, -1,  6, 13, 12,  4,  0, -1, -1, -1, -1,  2,  1, -1, -1, -1, 16,  1, -1, -1,  7, -1,  4, -1,  1,  4, -1, 11, 17, -1, -1, -1, 18, -1,  1, -1,  5,  2, 17,  0,  2,  1, -1,  0,  0,  2, -1,  1,  7, -1,  1,  0, -1,  1,  0, -1,  0,  1, -1, -1, -1, -1, 19, 13, -1,  2, 12,  8, 13, 11,  3,  4,  2,  2,  4,  0, 17,  0, 17, -1, -1, -1, -1, -1,  0,  4,  1,  8, -1,  9,  0,  1,  1, -1, 11,  0,  0, -1,  3,  6
iq2xxs,ko  ,futu, 53, -1, -1, -1, -1, -1, -1,  2, -1, -1, -1, -1,  5,  0,  2,  2,  0,  0,  0, 15,  0,  8, -1, -1, -1, 12,  2, -1, -1, -1, -1,  9, -1,  6, -1,  3,  0,  7,  0,  1, -1, 10,  3,  1,  4, 10,  2, -1,  3, -1, -1,  0,  2, -1,  2, -1, -1,  3, -1, -1, -1, -1, 13,  8, -1, -1, 12, 17, -1,  5, -1,  3,  0,  1,  0,  1,  2,  0,  0, -1, -1, 17, -1, -1, -1, -1, -1,  2, -1, -1,  8, -1,  0,  5, -1, -1,  1, 17,  0,  3, -1
iq2xxs,ko  ,past, 57, -1,  5, -1,  4, 15, 13,  1,  0,  4, -1, 19,  0,  0, 14, -1, -1,  1,  3, -1,  6, 13, -1,  5, -1, -1,  0,  1, -1, -1, -1,  2, 14, -1,  3,  3, -1,  1,  2,  5,  9,  9,  1, 10,  4,  3,  1, -1,  8, -1, -1,  0,  9, -1,  2,  9, -1, -1,  2, -1, -1, -1,  4,  6,  6, -1, -1, -1, -1, -1, -1, -1,  3,  4,  7, -1, 15,  4,  2,  1, -1,  5, -1, -1, -1, 11, -1, -1, -1, -1, 13,  0,  1, 14, -1, -1,  5,  3, 15, -1, -1
q2km  ,ko  ,pres, 74,  0, -1,  2,  5, -1,  1,  0, -1, -1,  2,  4,  1,  0, -1,  1, -1,  0, -1,  0, 10, -1, -1,  3, -1,  0,  9, -1, -1,  4,  3, -1,  2, -1, 19, -1, -1,  3,  1,  0,  3,  0,  0, -1,  0,  5,  0, -1,  1,  7,  9,  1,  1, -1,  0,  0, -1,  0,  1,  4, 13, 16, -1,  1,  0, -1,  0, -1, 15,  5,  4,  0,  0, 10,  1,  1,  0,  2,  0,  3,  3, 13,  2, -1, 13,  2,  0,  0,  1,  0,  3, -1,  2,  0,  1, -1,  0,  0, 11,  1,  0
q2km  ,ko  ,futu, 73,  0, -1,  2,  6, -1,  0,  1,  2, -1, -1,  1,  0,  0,  3,  2, -1, -1,  5,  1,  3,  5, -1,  2, -1,  3,  1, -1, 19,  7, -1, -1, -1, -1, -1,  0,  0,  1,  0,  1,  0,  1,  0,  1,  1, 13,  0,  1,  3,  2,  1, -1,  0,  2,  1, 19, -1,  8,  0, -1, -1, 15,  1,  4, 10, -1, 11,  8, -1,  2, -1,  1,  0,  0,  0, -1,  1,  7,  4,  1, 10, -1, -1,  1, -1,  2, -1,  1,  4,  0,  0,  3,  0,  5,  3, -1,  2,  0,  5,  1,  2
q2km  ,ko  ,past, 76,  0, -1, 18, 11, 12,  0,  1,  0, -1, -1,  0,  2, 12,  2,  0, -1, -1,  0,  2,  2, 17, -1,  4, -1,  0,  1, -1,  3, 14, 13,  5,  0, -1,  4,  1,  0,  7,  1,  0,  0,  8,  1,  3,  1,  2,  0,  5,  4,  4,  2,  0,  5,  2,  7, -1, -1, 15,  1, -1, -1, -1,  7,  2,  1, -1, -1, -1, -1,  0, -1,  1,  0,  1,  0,  4,  0,  1,  3,  1,  4, -1, -1,  0, -1,  1, -1,  3,  2,  7,  3,  0,  0,  9,  2, -1,  1,  2,  2,  0, 13
q2ks  ,ko  ,pres, 66,  1, -1, -1,  5,  5,  0,  6, -1,  1, -1,  0,  1,  0,  0,  2,  3, -1, -1,  0, -1,  0, -1,  8, -1,  1,  0, -1, -1, -1,  0, -1, 11,  0, -1,  0, -1,  1,  0, 14, -1,  0,  5, -1,  1, -1, 10, 17,  1,  0,  2,  0,  1, -1,  0,  1, -1,  0,  4, 13, -1, -1, -1,  4, 10, -1,  0,  4, -1,  0, 10,  0,  0,  1,  1, 16,  0,  4, -1, -1,  0, -1, -1, -1, 11,  0,  0,  0,  0,  8, -1, -1, -1,  0,  3, -1,  0,  0, 10,  1,  0
q2ks  ,ko  ,futu, 78,  0,  4, -1, 10, -1,  4,  0, 18, -1, -1,  2,  0,  0,  1,  3, 10, 14,  2,  5,  1,  1, -1,  2, -1,  2,  1, -1,  8, -1,  6, -1, 10, -1, -1,  2,  0,  3,  3,  0,  0,  0,  0,  0,  0,  0,  2, -1,  0,  1,  5,  2,  3,  0,  0, 11, -1,  0,  1, -1, -1, -1,  1, -1, -1, -1,  4,  2, -1,  0, 14,  1,  0,  0,  0,  4,  0,  1,  1, 16,  0, 19, -1,  6, 16, 15, 15,  0,  3,  4, 18, 11, 14,  3,  2, -1,  0,  1,  0,  3, 15
q2ks  ,ko  ,past, 74,  1, -1, -1,  6, -1,  0,  1,  0,  0, -1,  2,  1,  0,  1,  2, -1,  1,  0,  5,  0, -1, -1,  4, -1,  5,  4, -1, -1, -1,  1, -1,  2, -1,  6,  0,  0,  1,  0,  0,  0,  1,  0,  9,  3,  1,  6,  5,  1,  3,  7,  0,  0,  2,  0, 13, -1,  0,  2, -1, -1, -1, -1,  3,  6, -1,  5, -1, -1,  0, -1,  1,  1,  5,  2,  1,  2,  3,  0,  1,  1, 15, -1, -1, -1,  1,  6, -1,  3,  3,  4,  1,  0,  0,  3, 11,  0,  0,  1,  1,  4
iq1m  ,ko  ,pres, 72, -1,  0, 10, 15, 15,  2,  2,  1, -1, -1,  8,  0, 10, 11,  4,  0,  5,  1,  2,  0,  2,  1,  1, -1, -1,  0,  3,  0, -1, 17, 14,  1, -1,  3,  7,  1,  3,  3,  5,  0, -1,  1,  1,  4,  1, -1, -1,  4, -1,  1,  0, -1,  6,  3,  3, -1, -1, -1, -1, -1, -1, 12, 12,  0,  2,  7,  3, -1, 12, -1,  2, 11, -1, 10,  5,  0,  0,  0, 10, -1,  8, -1, -1, -1,  9, -1, 19,  1, 18, 18,  2,  0, -1, -1,  2,  0, 17, 18,  6,  3
iq1m  ,ko  ,futu, 49, -1, -1, -1, -1, -1, -1, 19, -1, -1, -1,  8,  3,  2,  1,  6, -1, -1,  4, -1, 10,  0, -1,  3, -1,  0,  1,  9, -1, -1, -1, 18, 16, -1, -1, -1,  1, -1, 16, 16,  0, -1,  4,  5,  3,  3, 18, -1, -1, -1, -1,  1, -1, 11, 14, -1, -1, -1, -1, -1, -1, -1, -1,  7, 19, -1, -1,  0, -1, -1, -1, -1, 16, 16, -1, 17,  6,  4,  0, -1, -1, 16, -1, -1, -1, 12,  1, -1, 17, -1,  1, 11,  1,  5,  2, -1,  2,  3, 19, -1,  3
iq1m  ,ko  ,past, 40,  4, -1, -1, 12, -1, -1,  1,  6, -1, -1, -1, 10,  4,  4, -1, -1, 12,  0, -1,  0,  1, 16,  4, -1,  6, 12,  4, -1, -1, -1, -1, -1, -1, -1, -1, -1,  6, -1,  6,  1, -1,  9,  4,  0,  9, -1, -1,  1, -1, -1,  0, 14, -1,  3,  3, -1, -1, -1, -1, -1,  5, -1, -1, 10, -1, -1, -1, -1, -1, -1, -1, -1, -1, -1, -1,  5,  3,  3, -1, -1,  4, -1,  7, -1,  0, -1, -1, -1, -1, -1, -1,  2, 14, -1, -1, 19,  3, -1, -1, -1
iq1s  ,ko  ,pres, 80,  5,  4,  9,  3,  2,  1,  0,  3, -1,  9, 14,  0,  0,  1,  1, -1,  3,  1,  0,  1,  2,  3,  9, -1,  2,  0,  0,  2, -1,  3,  4,  0, -1,  1, 11,  1,  6,  0,  2,  5,  4,  3,  0,  4,  0,  0, -1,  0,  0,  1,  0, 12,  6,  2, -1, -1,  6,  3, -1, -1, -1,  6, -1,  1, -1,  5, 13,  9,  2, 11,  1,  1,  0,  0, 18,  0, -1, 15,  5, 10, -1, -1,  9, -1, 16, -1,  5,  1, 13,  0,  3,  0, 15, -1, -1, 10, 15, 10, 11,  3
iq1s  ,ko  ,futu, 83,  1,  7, 11, 11, 19,  4,  1,  8, 10,  1,  1, -1, 11,  1, 15,  9,  3, 13,  8, 17,  2,  2,  4, -1,  4,  0,  1,  3, -1,  0,  9,  0, 14, -1, -1,  1,  6,  2,  1,  3, 18,  2,  2,  0,  7, 15, -1,  6,  8,  1,  4, 16, 10,  6, -1, -1, 12,  3, 15, -1, 10,  0,  4,  4, -1, 11,  3,  0, 13, -1,  1,  7,  9,  0, 13,  1,  4,  4, 16, 14,  6, -1,  2, -1, -1, -1, -1, -1,  8,  2,  0,  5,  2,  5,  0,  2, 11, 11, 12,  2
iq1s  ,ko  ,past, 79,  1,  7,  3, 10,  9,  3,  1,  1, 19, 15,  3,  9,  3,  1,  7, -1,  1, 11,  4,  9, -1, -1,  5, -1,  0,  3,  0,  0, 19,  2,  3,  2, -1, -1,  1,  1,  4,  3,  8,  3,  0, 11,  4, 11,  0,  1,  2,  2, 19,  5,  0, -1, 14,  1,  4, -1, -1,  1, -1, -1,  3,  0,  1,  1, -1, -1,  5, -1,  5, -1,  1,  1,  1,  1,  9,  8, -1, 17, -1, 10,  7, -1,  0, -1, 16, -1,  7,  5,  7,  0,  7,  5,  6, 16,  3,  2,  5,  4, -1, 19
