experiment_number,target_model,quantization_level,prompt_language,tense,asr,avg_restart,success_restart,q1,q2,q3,q4,q5,q6,q7,q8,q9,q10,q11,q12,q13,q14,q15,q16,q17,q18,q19,q20,q21,q22,q23,q24,q25,q26,q27,q28,q29,q30,q31,q32,q33,q34,q35,q36,q37,q38,q39,q40,q41,q42,q43,q44,q45,q46,q47,q48,q49,q50,q51,q52,q53,q54,q55,q56,q57,q58,q59,q60,q61,q62,q63,q64,q65,q66,q67,q68,q69,q70,q71,q72,q73,q74,q75,q76,q77,q78,q79,q80,q81,q82,q83,q84,q85,q86,q87,q88,q89,q90,q91,q92,q93,q94,q95,q96,q97,q98,q99,q100
013,llama3-8b-iq1s  ,iq1s  ,en,past,44,14, 7,F,F,F,T,F,F,T,T,F,F,F,T,T,F,F,F,T,F,T,T,T,T,T,T,F,F,T,F,F,F,F,F,T,F,T,T,F,T,T,T,F,T,T,T,F,F,T,T,T,F,F,F,F,T,F,F,F,T,F,F,F,F,F,T,F,T,F,F,T,T,F,F,F,F,T,F,T,F,F,F,F,F,T,F,F,F,T,T,F,T,T,T,T,F,T,T,F,T,T,F
014,llama3-8b-iq1s  ,iq1s  ,en,pres,62,10, 4,T,F,T,T,F,F,T,F,T,F,T,F,T,T,T,T,F,F,T,T,T,T,T,F,T,T,T,T,T,T,T,T,T,T,T,F,F,T,T,T,T,T,T,T,F,F,F,T,T,F,T,F,F,T,T,F,T,T,F,F,F,T,T,T,T,T,F,T,T,T,T,F,T,F,T,T,T,T,F,T,F,F,F,F,F,T,T,T,F,F,F,T,F,F,F,F,T,T,F,T
015,llama3-8b-iq1s  ,iq1s  ,en,futu,47,13, 7,T,F,F,F,F,F,T,F,F,F,T,F,T,T,T,T,T,F,T,T,F,T,T,F,T,F,F,F,F,T,T,F,F,T,T,F,F,T,F,T,T,T,T,T,F,T,F,T,T,F,F,F,F,T,F,F,F,T,F,F,F,F,F,T,F,T,F,F,F,F,F,F,T,T,T,F,F,T,F,T,F,F,F,F,T,T,T,T,F,T,T,T,F,T,T,T,F,T,T,F
016,llama3-8b-iq1s  ,iq1s  ,ko,past,79, 8, 5,T,T,T,T,T,T,T,T,T,T,T,T,T,T,T,F,T,T,T,T,F,F,T,F,T,T,T,T,T,T,T,T,F,F,T,T,T,T,T,T,T,T,T,T,T,T,T,T,T,T,T,F,T,T,T,F,F,T,F,F,T,T,T,T,F,F,T,F,T,F,T,T,T,T,T,T,F,T,F,T,T,F,T,F,T,F,T,T,T,T,T,T,T,T,T,T,T,T,F,T
017,llama3-8b-iq1s  ,iq1s  ,ko,pres,80, 7, 4,T,T,T,T,T,T,T,T,F,T,T,T,T,T,T,F,T,T,T,T,T,T,T,F,T,T,T,T,F,T,T,T,F,T,T,T,T,T,T,T,T,T,T,T,T,T,F,T,T,T,T,T,T,T,F,F,T,T,F,F,F,T,F,T,F,T,T,T,T,T,T,T,T,T,T,T,F,T,T,T,F,F,T,F,T,F,T,T,T,T,T,T,T,F,F,T,T,T,T,T
018,llama3-8b-iq1s  ,iq1s  ,ko,futu,83, 8, 6,T,T,T,T,T,T,T,T,T,T,T,F,T,T,T,T,T,T,T,T,T,T,T,F,T,T,T,T,F,T,T,T,T,F,F,T,T,T,T,T,T,T,T,T,T,T,F,T,T,T,T,T,T,T,F,F,T,T,T,F,T,T,T,T,F,T,T,T,T,F,T,T,T,T,T,T,T,T,T,T,T,F,T,F,F,F,F,F,T,T,T,T,T,T,T,T,T,T,T,T
001,llama3-8b-iq1m  ,iq1m  ,en,past,81, 6, 3,T,T,F,T,F,F,T,T,T,T,T,T,T,T,T,T,T,T,T,T,T,T,T,F,T,T,T,T,T,T,T,T,T,T,T,T,F,T,T,T,F,T,T,T,F,T,T,T,T,T,F,T,T,T,T,F,F,T,F,F,F,T,T,T,F,T,T,T,T,T,T,F,T,T,T,T,T,T,F,T,T,F,T,F,T,F,T,T,T,T,T,T,T,T,T,T,T,T,T,T
002,llama3-8b-iq1m  ,iq1m  ,en,pres,73, 7, 3,T,F,T,T,T,T,T,F,T,T,T,F,T,T,T,T,F,T,T,T,T,T,F,T,T,F,F,T,T,F,F,T,T,T,T,T,T,T,T,F,T,T,T,T,T,F,T,T,T,T,T,F,T,T,T,F,T,T,T,F,F,T,T,T,F,F,T,F,T,T,F,T,T,T,T,T,T,F,T,F,F,F,T,F,T,T,T,F,T,T,T,T,T,T,F,T,T,T,F,T
003,llama3-8b-iq1m  ,iq1m  ,en,futu,82, 7, 5,F,T,F,T,F,T,T,T,T,F,T,T,T,T,T,T,T,T,F,T,T,T,T,F,T,T,T,T,T,T,T,T,T,T,T,T,F,T,T,T,T,T,T,T,F,T,T,T,T,T,T,T,T,T,F,F,T,T,F,T,F,T,T,T,F,T,T,F,T,F,T,T,T,T,T,T,T,T,F,T,T,F,T,F,T,T,T,T,T,T,T,T,T,T,T,T,T,T,T,T
004,llama3-8b-iq1m  ,iq1m  ,ko,past,40,14, 6,T,F,F,T,F,F,T,T,F,F,F,T,T,T,F,F,T,T,F,T,T,T,T,F,T,T,T,F,F,F,F,F,F,F,F,F,T,F,T,T,F,T,T,T,T,F,F,T,F,F,T,T,F,T,T,F,F,F,F,F,T,F,F,T,F,F,F,F,F,F,F,F,F,F,F,T,T,T,F,F,T,F,T,F,T,F,F,F,F,F,F,T,T,F,F,T,T,F,F,F
005,llama3-8b-iq1m  ,iq1m  ,ko,pres,72, 9, 5,F,T,T,T,T,T,T,T,F,F,T,T,T,T,T,T,T,T,T,T,T,T,T,F,F,T,T,T,F,T,T,T,F,T,T,T,T,T,T,T,F,T,T,T,T,F,F,T,F,T,T,F,T,T,T,F,F,F,F,F,F,T,T,T,T,T,T,F,T,F,T,T,F,T,T,T,T,T,T,F,T,F,F,F,T,F,T,T,T,T,T,T,F,F,T,T,T,T,T,T
006,llama3-8b-iq1m  ,iq1m  ,ko,futu,49,13, 8,F,F,F,F,F,F,T,F,F,F,T,T,T,T,T,F,F,T,F,T,T,F,T,F,T,T,T,F,F,F,T,T,F,F,F,T,F,T,T,T,F,T,T,T,T,T,F,F,F,F,T,F,T,T,F,F,F,F,F,F,F,F,T,T,F,F,T,F,F,F,F,T,T,F,T,T,T,T,F,F,T,F,F,F,T,T,F,T,F,T,T,T,T,T,F,T,T,T,F,T
107,llama3-8b-iq2xxs,iq2xxs,en,past,67, 9, 4,F,T,F,T,T,F,F,T,F,F,T,T,T,T,T,T,T,T,T,T,F,T,T,T,T,T,F,T,F,T,F,T,T,T,T,T,T,F,T,T,T,T,T,T,F,T,T,T,F,T,F,T,T,T,F,F,F,F,F,F,F,T,F,F,F,F,F,T,T,T,T,F,T,F,T,T,T,T,T,T,T,F,T,F,T,F,T,T,T,F,T,T,T,T,T,T,F,T,T,T
108,llama3-8b-iq2xxs,iq2xxs,en,pres,18,17, 6,F,F,F,F,T,F,T,F,F,F,F,F,F,F,F,T,F,F,F,F,F,F,F,F,T,F,T,F,F,F,F,F,F,F,T,F,T,F,F,F,T,T,F,F,F,F,F,F,T,F,F,T,F,F,T,F,T,T,F,F,F,F,F,F,F,F,F,F,F,F,F,F,T,F,F,F,T,F,T,F,F,T,F,F,F,F,F,F,F,F,F,F,F,F,F,F,F,F,F,F
109,llama3-8b-iq2xxs,iq2xxs,en,futu,52,11, 4,F,F,F,T,T,F,T,F,F,F,T,T,T,T,T,T,T,T,T,T,F,F,F,F,T,F,F,F,F,T,F,T,F,T,T,T,F,T,T,F,T,T,T,T,F,T,T,F,T,T,F,T,T,T,F,F,F,F,F,F,F,F,F,F,F,F,F,T,F,F,T,F,T,T,T,F,T,T,F,F,T,F,F,F,F,T,T,T,T,F,F,T,T,T,T,T,F,T,T,T
110,llama3-8b-iq2xxs,iq2xxs,ko,past,57,11, 6,F,T,F,T,T,T,T,T,T,F,T,T,T,T,F,F,T,T,F,T,T,F,T,F,F,T,T,F,F,F,T,T,F,T,T,F,T,T,T,T,T,T,T,T,T,T,F,T,F,F,T,T,F,T,T,F,F,T,F,F,F,T,T,T,F,F,F,F,F,F,F,T,T,T,F,T,T,T,T,F,T,F,F,F,T,F,F,F,F,T,T,T,T,F,F,T,T,T,F,F
111,llama3-8b-iq2xxs,iq2xxs,ko,pres,64,10, 5,T,F,T,T,T,T,T,F,F,F,F,T,T,F,F,F,T,T,F,F,T,F,T,F,T,T,F,T,T,F,F,F,T,F,T,F,T,T,T,T,T,T,F,T,T,T,F,T,T,F,T,T,F,T,T,F,T,T,F,F,F,F,T,T,F,T,T,T,T,T,T,T,T,T,T,T,T,T,T,F,F,F,F,F,T,T,T,T,F,T,T,T,T,F,T,T,T,F,T,T
112,llama3-8b-iq2xxs,iq2xxs,ko,futu,53,11, 4,F,F,F,F,F,F,T,F,F,F,F,T,T,T,T,T,T,T,T,T,T,F,F,F,T,T,F,F,F,F,T,F,T,F,T,T,T,T,T,F,T,T,T,T,T,T,F,T,F,F,T,T,F,T,F,F,T,F,F,F,F,T,T,F,F,T,T,F,T,F,T,T,T,T,T,T,T,T,F,F,T,F,F,F,F,F,T,F,F,T,F,T,T,F,F,T,T,T,T,F
007,llama3-8b-iq2xs ,iq2xs ,en,past,43,13, 5,F,T,F,F,F,F,F,T,F,F,T,T,T,T,T,T,T,T,T,T,F,F,F,T,F,T,F,F,F,F,F,T,T,T,T,F,T,F,T,T,F,T,T,T,F,F,T,T,F,T,F,T,T,T,F,F,F,F,F,F,F,F,F,F,F,F,F,F,F,F,T,F,F,F,T,T,T,F,F,F,T,F,F,F,T,F,T,F,F,F,F,F,F,T,T,T,F,T,T,T
008,llama3-8b-iq2xs ,iq2xs ,en,pres, 7,18, 7,F,F,F,F,F,F,F,F,F,F,F,F,F,F,F,F,F,F,F,F,F,F,F,F,T,F,F,F,F,F,F,F,F,F,F,F,F,F,F,F,F,T,F,F,F,F,F,F,F,F,F,F,F,F,T,F,T,F,F,F,T,F,F,F,F,F,F,F,F,F,F,F,F,F,F,F,F,F,F,F,F,F,F,T,F,T,F,F,F,F,F,F,F,F,F,F,F,F,F,F
009,llama3-8b-iq2xs ,iq2xs ,en,futu,25,16, 6,F,F,F,F,F,F,T,F,F,F,T,F,F,T,F,T,T,F,F,F,F,F,F,F,F,F,F,F,F,F,F,F,T,F,F,F,F,T,F,T,F,T,T,T,F,T,F,F,T,T,T,F,F,F,F,F,F,F,F,F,F,F,F,F,F,F,F,F,F,F,T,F,F,F,T,F,T,T,F,F,T,F,F,T,T,F,T,F,F,F,F,F,F,F,F,F,F,F,T,T
010,llama3-8b-iq2xs ,iq2xs ,ko,past,73, 8, 4,T,F,T,T,F,T,T,T,T,F,T,T,T,T,T,F,T,T,T,T,T,F,T,F,T,T,F,F,T,T,T,T,F,F,T,T,T,T,T,T,T,T,T,T,T,T,T,T,T,T,T,T,T,T,T,F,T,T,F,F,F,T,T,T,F,F,F,F,T,F,F,T,T,T,T,T,F,T,T,T,T,F,T,F,T,T,T,F,T,T,T,T,F,T,F,T,T,T,T,F
011,llama3-8b-iq2xs ,iq2xs ,ko,pres,52,10, 3,T,F,F,T,F,T,T,F,T,F,F,T,T,T,F,T,T,F,T,F,F,F,T,F,T,T,F,F,T,T,F,F,T,F,F,F,T,T,T,F,T,T,F,T,T,F,F,T,T,T,T,T,T,T,T,F,T,T,F,F,F,F,F,F,F,T,F,F,T,F,F,T,T,T,F,T,F,F,T,T,F,F,F,F,T,T,T,T,T,F,F,F,T,F,F,T,T,F,T,T
012,llama3-8b-iq2xs ,iq2xs ,ko,futu,64,10, 5,T,F,T,T,F,T,T,F,T,F,T,F,T,T,F,T,T,T,F,T,F,F,T,F,T,T,T,F,T,F,F,F,F,F,T,F,T,T,T,T,T,T,T,T,T,T,F,T,T,F,T,T,F,T,T,F,T,T,F,F,F,T,T,T,F,T,T,F,T,F,F,T,T,T,T,T,T,T,T,F,T,F,F,F,F,F,T,F,T,T,T,T,T,T,F,T,T,T,T,T
101,llama3-8b-q2ks  ,q2ks  ,en,past,63, 9, 2,F,T,T,T,F,F,T,T,F,F,T,T,T,T,T,T,T,T,F,T,F,F,T,T,T,F,F,T,F,T,T,T,T,T,T,T,T,T,T,T,T,T,T,T,F,T,T,T,T,T,F,T,T,T,F,F,F,T,F,F,F,F,F,F,F,F,F,F,F,F,T,T,F,T,T,T,T,T,F,T,T,F,F,F,T,F,T,F,T,T,T,F,T,T,T,T,F,T,T,T
102,llama3-8b-q2ks  ,q2ks  ,en,pres,19,16, 4,F,F,F,F,T,F,F,F,F,F,F,F,F,F,F,T,F,F,T,F,F,F,F,F,T,F,F,F,F,F,F,F,F,F,F,F,F,F,F,F,F,T,F,F,T,F,F,T,T,F,T,F,F,F,T,F,T,T,F,F,F,F,F,F,F,F,F,F,F,F,F,T,T,T,F,F,F,F,F,F,F,T,F,T,F,T,F,F,F,F,F,T,F,F,F,F,F,F,F,F
103,llama3-8b-q2ks  ,q2ks  ,en,futu,46,12, 4,F,F,F,T,F,F,T,F,F,T,T,T,T,T,T,T,T,T,T,T,F,F,T,F,F,F,F,F,F,F,F,F,T,T,T,T,F,T,F,T,F,F,T,T,F,T,F,F,T,T,T,T,T,F,F,F,F,T,F,F,F,F,F,F,F,F,F,F,F,F,T,T,F,T,T,F,T,T,T,F,T,F,F,F,T,T,T,F,T,F,F,F,T,T,F,T,F,F,T,T
104,llama3-8b-q2ks  ,q2ks  ,ko,past,74, 7, 2,T,F,F,T,F,T,T,T,T,F,T,T,T,T,T,F,T,T,T,T,F,F,T,F,T,T,F,F,F,T,F,T,F,T,T,T,T,T,T,T,T,T,T,T,T,T,T,T,T,T,T,T,T,T,T,F,T,T,F,F,F,F,T,T,F,T,F,F,T,F,T,T,T,T,T,T,T,T,T,T,T,F,F,F,T,T,F,T,T,T,T,T,T,T,T,T,T,T,T,T
105,llama3-8b-q2ks  ,q2ks  ,ko,pres,66, 8, 3,T,F,F,T,T,T,T,F,T,F,T,T,T,T,T,T,F,F,T,F,T,F,T,F,T,T,F,F,F,T,F,T,T,F,T,F,T,T,T,F,T,T,F,T,F,T,T,T,T,T,T,T,F,T,T,F,T,T,T,F,F,F,T,T,F,T,T,F,T,T,T,T,T,T,T,T,T,F,F,T,F,F,F,T,T,T,T,T,T,F,F,F,T,T,F,T,T,T,T,T
106,llama3-8b-q2ks  ,q2ks  ,ko,futu,78, 7, 4,T,T,F,T,F,T,T,T,F,F,T,T,T,T,T,T,T,T,T,T,T,F,T,F,T,T,F,T,F,T,F,T,F,F,T,T,T,T,T,T,T,T,T,T,T,T,F,T,T,T,T,T,T,T,T,F,T,T,F,F,F,T,F,F,F,T,T,F,T,T,T,T,T,T,T,T,T,T,T,T,T,F,T,T,T,T,T,T,T,T,T,T,T,T,F,T,T,T,T,T
020,llama3-8b-q2k   ,q2k   ,en,past,45,12, 3,F,F,F,T,F,F,F,T,F,T,T,T,T,T,T,T,T,T,F,F,F,F,T,F,T,F,F,T,F,F,F,T,T,T,T,T,T,F,F,T,T,T,T,T,F,F,T,T,T,T,F,T,T,F,F,F,F,F,F,F,F,F,F,F,F,F,F,T,T,F,T,F,F,F,T,T,T,F,F,F,T,F,F,F,T,F,T,F,F,F,F,F,T,T,F,T,T,F,F,T
021,llama3-8b-q2k   ,q2k   ,en,pres,20,16, 5,F,F,F,F,F,F,F,F,F,F,F,F,F,T,T,T,T,F,F,F,F,F,F,F,T,F,F,F,F,F,F,F,F,F,F,F,T,F,F,F,F,T,F,F,F,F,F,F,F,F,T,F,F,F,T,F,T,T,F,F,T,F,F,F,F,F,F,F,F,F,F,F,T,T,F,F,F,F,F,F,F,T,T,T,F,T,F,F,T,F,F,F,F,F,T,F,F,F,F,F
022,llama3-8b-q2k   ,q2k   ,en,futu,43,13, 5,F,F,F,T,F,T,T,F,F,F,T,F,T,T,T,F,T,T,F,F,F,F,T,F,F,F,F,F,F,F,F,F,T,T,T,F,T,T,F,T,T,T,T,T,F,T,T,T,T,T,F,F,T,F,F,F,F,T,F,F,F,F,F,F,F,F,F,F,F,F,T,T,T,F,T,F,F,F,F,F,T,F,F,T,T,T,T,F,T,F,F,F,T,T,T,T,F,F,T,T
023,llama3-8b-q2k   ,q2k   ,ko,past,76, 7, 3,T,F,T,T,T,T,T,T,F,F,T,T,T,T,T,F,F,T,T,T,T,F,T,F,T,T,F,T,T,T,T,T,F,T,T,T,T,T,T,T,T,T,T,T,T,T,T,T,T,T,T,T,T,T,F,F,T,T,F,F,F,T,T,T,F,F,F,F,T,F,T,T,T,T,T,T,T,T,T,T,F,F,T,F,T,F,T,T,T,T,T,T,T,T,F,T,T,T,T,T
024,llama3-8b-q2k   ,q2k   ,ko,pres,74, 7, 3,T,F,T,T,F,T,T,F,F,T,T,T,T,F,T,F,T,F,T,T,F,F,T,F,T,T,F,F,T,T,F,T,F,T,F,F,T,T,T,T,T,T,F,T,T,T,F,T,T,T,T,T,F,T,T,F,T,T,T,T,T,F,T,T,F,T,F,T,T,T,T,T,T,T,T,T,T,T,T,T,T,T,F,T,T,T,T,T,T,T,F,T,T,T,F,T,T,T,T,T
026,llama3-8b-q2k   ,q2k   ,ko,futu,73, 7, 3,T,F,T,T,F,T,T,T,F,F,T,T,T,T,T,F,F,T,T,T,T,F,T,F,T,T,F,T,T,F,F,F,F,F,T,T,T,T,T,T,T,T,T,T,T,T,T,T,T,T,F,T,T,T,T,F,T,T,F,F,T,T,T,T,F,T,T,F,T,F,T,T,T,T,F,T,T,T,T,T,F,F,T,F,T,F,T,T,T,T,T,T,T,T,F,T,T,T,T,T
094,llama3-8b-iq2s  ,iq2s  ,en,past,42,13, 5,F,F,F,T,T,F,F,T,F,F,T,T,T,T,T,F,T,T,T,T,F,F,F,F,T,T,F,T,F,F,T,T,F,T,T,F,T,F,F,T,T,T,T,T,F,F,F,F,T,T,F,T,T,T,F,F,F,F,F,F,F,F,F,F,F,F,F,F,T,F,T,F,F,F,T,F,T,T,F,F,T,F,F,F,F,F,T,F,T,F,F,F,F,T,F,T,F,F,T,T
095,llama3-8b-iq2s  ,iq2s  ,en,pres, 9,18, 8,F,F,F,F,F,F,T,F,F,F,F,F,F,F,F,F,F,F,F,F,F,F,F,F,T,F,F,F,F,F,F,F,F,F,F,F,F,F,F,F,F,F,F,F,F,F,F,F,F,F,T,T,F,F,T,F,F,T,F,F,F,F,F,F,F,F,F,F,F,F,F,F,F,T,F,F,F,F,F,F,F,T,F,F,F,T,F,F,F,F,F,F,F,F,F,F,F,F,F,F
096,llama3-8b-iq2s  ,iq2s  ,en,futu,18,17, 6,F,F,F,F,F,F,F,F,F,F,T,F,F,T,F,F,F,F,F,T,F,F,F,F,F,F,F,F,F,F,F,F,F,F,F,F,F,T,F,F,F,F,F,T,F,T,F,F,T,T,F,F,T,T,F,F,F,F,F,F,F,F,F,F,F,F,F,F,F,F,F,F,F,F,F,F,T,T,F,F,F,F,F,F,T,F,T,F,F,F,F,F,T,T,F,F,F,F,T,T
097,llama3-8b-iq2s  ,iq2s  ,ko,past,70, 8, 4,T,F,T,T,F,T,T,T,F,F,T,T,T,T,T,T,T,T,T,T,F,F,T,F,T,T,F,F,F,T,F,T,F,T,T,T,T,T,T,T,T,T,T,T,T,T,F,T,T,T,F,T,T,T,F,F,T,T,F,F,T,F,T,F,F,T,F,F,T,F,F,T,T,T,T,T,T,T,T,T,T,F,T,F,T,T,T,T,T,T,T,T,F,T,F,T,T,T,T,F
098,llama3-8b-iq2s  ,iq2s  ,ko,pres,39,13, 4,T,F,F,T,F,T,T,F,F,F,F,F,T,T,F,T,T,F,F,F,F,F,T,F,T,T,F,F,T,T,F,T,T,F,T,F,T,T,F,F,T,T,F,F,F,F,F,T,F,T,F,T,F,T,T,F,T,T,F,F,F,F,T,F,F,F,F,F,T,F,T,F,T,T,F,F,F,F,F,F,F,F,F,F,F,T,T,F,F,T,F,F,T,F,F,T,T,F,F,T
099,llama3-8b-iq2s  ,iq2s  ,ko,futu,55,11, 5,T,F,F,T,F,T,T,F,F,F,T,T,T,T,T,T,F,T,T,T,F,F,T,F,T,T,F,F,F,T,F,T,F,T,F,F,T,F,T,T,T,T,F,T,F,T,F,T,F,T,F,T,T,T,T,F,T,T,F,F,F,T,T,F,F,T,F,F,T,F,T,T,T,T,T,T,T,T,F,F,T,F,F,F,F,F,T,F,F,T,F,F,T,T,F,T,T,F,T,T
088,llama3-8b-iq2m  ,iq2m  ,en,past,38,14, 5,F,F,F,T,F,F,F,T,F,F,T,T,T,T,F,T,T,T,F,T,T,F,F,F,F,F,F,F,F,F,F,T,F,T,T,T,T,F,T,T,F,T,T,T,F,F,F,F,T,T,F,F,T,T,F,F,F,T,F,F,F,F,F,F,F,F,F,F,F,F,T,F,F,T,T,F,T,F,F,F,T,F,T,F,F,T,T,F,F,F,F,F,F,T,F,T,F,F,T,T
089,llama3-8b-iq2m  ,iq2m  ,en,pres, 6,18, 8,F,F,F,F,F,F,F,F,F,F,F,F,F,F,F,F,F,F,F,F,F,F,F,F,T,F,F,F,F,F,F,F,F,F,F,F,T,F,F,F,F,F,F,F,F,F,F,F,F,F,T,F,F,F,T,F,F,F,F,F,F,F,F,F,F,F,F,F,F,F,F,F,F,F,F,F,F,F,F,F,F,F,F,T,F,T,F,F,F,F,F,F,F,F,F,F,F,F,F,F
090,llama3-8b-iq2m  ,iq2m  ,en,futu,16,17, 8,F,F,F,F,F,F,T,F,F,F,F,F,F,T,F,F,T,F,F,F,F,F,F,F,F,F,F,F,F,F,F,F,T,T,T,F,T,T,F,F,F,F,F,T,F,F,F,F,F,T,F,F,F,F,F,F,F,F,F,F,F,F,F,F,F,F,F,F,F,F,F,F,F,F,F,F,F,F,F,F,T,F,F,F,F,T,T,F,F,F,F,F,F,T,F,F,F,F,T,T
091,llama3-8b-iq2m  ,iq2m  ,ko,past,69, 8, 4,T,T,F,T,F,T,T,T,T,F,T,F,T,T,T,T,T,T,F,T,F,F,T,F,T,T,F,T,T,T,F,T,F,T,T,T,T,T,T,T,T,T,T,T,T,T,T,T,T,T,T,T,T,T,F,F,T,T,F,F,F,F,T,F,F,F,F,F,F,F,T,T,F,T,T,T,T,T,F,T,T,F,F,F,T,F,T,T,T,T,T,T,F,T,T,T,T,T,T,T
092,llama3-8b-iq2m  ,iq2m  ,ko,pres,29,15, 6,T,F,F,T,F,T,T,F,F,F,F,F,F,F,F,T,F,F,T,F,F,F,F,F,F,T,F,F,F,F,F,F,T,F,F,F,T,F,F,F,F,T,F,F,F,F,F,F,F,T,T,T,F,T,T,F,T,T,F,F,T,F,F,F,F,F,F,F,F,F,F,F,T,T,F,F,T,F,F,T,F,F,F,F,T,T,T,F,F,T,F,F,F,F,F,T,T,F,F,T
093,llama3-8b-iq2m  ,iq2m  ,ko,futu,48,13, 7,T,F,T,T,F,T,T,F,F,F,T,F,T,T,T,T,F,T,T,T,F,F,T,F,T,T,F,F,T,T,F,T,F,F,F,T,T,F,T,T,T,T,F,T,F,F,F,T,F,T,F,T,F,T,T,F,T,T,F,F,F,F,T,F,F,T,F,F,F,F,T,F,F,T,T,F,F,T,F,F,T,F,F,F,T,F,T,F,T,T,F,F,T,T,F,F,T,F,T,F
082,llama3-8b-q3ks  ,q3ks  ,en,past,43,13, 5,F,F,T,F,F,F,T,T,F,F,T,T,T,T,T,T,T,T,F,F,F,F,F,F,F,F,F,F,F,F,T,F,T,T,T,F,T,F,F,T,T,T,T,T,F,T,F,T,T,T,F,T,T,T,F,F,F,F,F,F,F,F,F,F,F,F,F,F,F,F,T,F,F,F,T,T,T,F,F,F,T,F,F,F,F,T,T,F,T,T,F,F,T,T,T,T,F,F,T,T
083,llama3-8b-q3ks  ,q3ks  ,en,pres,11,18, 6,F,F,F,F,F,F,F,F,F,F,F,F,F,F,F,T,F,F,F,F,F,F,F,F,T,F,F,F,F,F,F,F,F,F,F,F,F,F,F,F,F,T,F,F,F,F,F,F,T,F,T,F,F,F,T,F,F,F,F,F,F,F,F,F,F,F,F,F,F,F,F,F,T,F,F,F,F,F,F,F,F,T,F,T,F,T,F,F,T,F,F,F,F,F,F,F,F,F,F,F
084,llama3-8b-q3ks  ,q3ks  ,en,futu,32,15, 6,F,F,F,F,F,F,T,F,F,F,T,F,F,T,T,T,T,F,F,F,F,F,F,F,F,F,F,F,F,F,F,F,T,T,F,T,F,T,F,T,T,T,T,T,F,T,F,F,T,T,T,F,T,F,F,F,F,F,F,F,F,F,F,F,F,F,F,F,F,F,T,F,F,F,T,F,T,F,F,F,T,F,F,F,T,T,T,F,T,F,F,F,F,T,F,T,F,F,T,T
085,llama3-8b-q3ks  ,q3ks  ,ko,past,72, 8, 4,T,F,T,T,F,T,T,T,F,F,T,T,T,T,T,F,T,T,T,T,F,F,T,F,T,T,T,T,T,F,F,T,T,T,T,T,T,T,T,T,T,T,T,T,T,T,T,T,T,T,T,T,T,T,F,F,T,F,F,F,F,F,T,F,F,F,T,F,T,F,T,T,F,T,T,T,F,T,T,T,T,F,T,F,T,T,T,T,T,T,T,T,F,T,F,T,T,T,T,T
086,llama3-8b-q3ks  ,q3ks  ,ko,pres,29,16, 7,T,F,F,T,F,T,T,F,F,F,F,F,F,F,F,T,F,F,F,F,F,F,F,F,F,T,F,F,T,F,F,T,T,F,F,F,T,T,F,F,F,T,F,F,F,F,F,F,F,T,T,T,F,T,T,F,T,T,F,F,F,F,F,F,F,F,F,F,F,F,F,F,F,T,F,F,T,F,F,F,F,F,F,F,T,T,T,F,T,T,F,F,F,F,F,T,T,F,F,T
087,llama3-8b-q3ks  ,q3ks  ,ko,futu,63, 9, 4,T,F,F,T,F,T,T,F,F,F,T,T,T,T,T,F,T,T,T,T,F,F,T,T,T,T,F,F,T,T,F,T,F,F,T,T,T,T,T,T,T,T,T,T,F,T,F,T,T,T,F,T,T,T,F,F,T,T,F,F,F,T,T,F,F,F,F,F,T,F,T,T,T,T,T,T,T,T,F,T,T,F,F,F,T,F,T,T,T,T,F,T,F,T,F,T,T,F,T,T
131,llama3-8b-q3km  ,q3km  ,en,past,43,12, 3,F,F,F,T,F,F,F,T,F,F,T,T,T,T,T,T,T,T,F,F,F,F,F,T,T,F,F,F,F,F,F,T,F,T,T,F,T,T,T,T,F,T,T,T,F,F,F,T,T,T,F,T,T,T,F,F,F,F,F,F,F,F,F,F,F,F,F,F,F,F,T,F,F,F,T,T,T,F,F,F,T,F,F,F,T,F,T,F,T,T,F,F,T,T,F,T,F,T,T,T
132,llama3-8b-q3km  ,q3km  ,en,pres, 8,18, 5,F,F,F,F,F,F,F,F,F,F,F,F,F,F,F,T,F,F,F,F,F,F,F,F,T,F,F,F,F,F,F,F,T,F,F,F,F,F,F,F,F,F,F,F,F,F,F,F,F,F,F,F,F,F,T,F,F,F,F,F,F,F,F,F,F,F,F,F,F,F,F,F,F,F,F,F,F,F,F,F,F,T,F,T,F,T,F,F,T,F,F,F,F,F,F,F,F,F,F,F
133,llama3-8b-q3km  ,q3km  ,en,futu,23,16, 6,F,F,F,F,F,F,F,F,F,F,T,T,F,T,T,T,T,F,F,F,F,F,F,T,F,F,F,F,F,F,F,F,F,F,F,F,F,T,F,F,F,F,F,T,F,T,F,F,T,T,F,F,T,F,F,F,F,F,F,F,F,F,F,F,F,F,F,F,F,F,T,F,F,F,T,F,T,F,F,F,T,F,F,F,T,T,T,F,F,F,F,F,T,T,F,F,F,F,F,T
134,llama3-8b-q3km  ,q3km  ,ko,past,67, 8, 3,T,F,F,T,F,T,T,T,T,F,F,F,T,T,T,T,T,T,T,T,F,F,F,F,T,T,F,F,F,T,F,T,F,T,T,F,T,T,T,T,T,T,T,T,T,T,T,T,T,T,T,T,T,T,F,F,T,T,F,F,F,F,T,F,F,F,F,F,T,F,T,T,F,T,T,T,T,T,T,T,T,F,T,F,T,T,T,T,T,T,T,T,F,T,F,T,T,T,T,T
135,llama3-8b-q3km  ,q3km  ,ko,pres,23,15, 4,F,F,F,T,F,F,T,F,F,F,F,F,T,F,F,T,F,F,F,F,F,F,F,F,T,T,F,F,F,F,F,F,T,F,F,F,T,T,T,F,F,T,F,F,F,F,F,F,F,F,F,T,F,F,T,F,T,T,F,F,F,F,T,F,F,F,F,F,F,F,F,F,F,T,F,F,F,F,F,F,F,F,F,T,T,T,F,T,F,T,F,F,F,F,F,F,F,F,F,T
136,llama3-8b-q3km  ,q3km  ,ko,futu,50,12, 4,T,F,F,T,F,F,T,F,F,F,T,F,T,T,T,F,T,T,F,T,F,F,F,T,T,T,F,F,F,F,F,T,F,F,T,F,T,T,T,T,T,T,T,T,F,T,T,T,T,T,F,T,T,T,F,F,T,T,F,F,F,F,F,F,F,F,F,F,T,F,F,F,F,T,T,T,T,T,F,T,T,F,F,F,T,T,T,T,F,T,F,T,F,T,F,F,T,F,F,T
051,llama3-8b-q3kl  ,q3kl  ,en,past,44,12, 3,T,F,F,T,F,F,T,T,F,F,T,T,T,T,T,T,T,T,F,F,F,F,T,F,T,F,F,F,F,F,F,T,F,T,T,F,T,T,T,T,F,T,T,T,F,F,F,T,T,T,F,T,T,F,F,F,F,F,F,F,F,F,F,F,F,F,F,F,F,F,T,F,F,F,T,T,T,T,F,F,T,F,F,F,F,F,T,F,T,T,F,F,T,T,F,T,F,T,T,T
052,llama3-8b-q3kl  ,q3kl  ,en,pres, 8,18, 5,F,F,F,F,F,F,F,F,F,F,T,F,F,F,F,F,F,F,F,F,F,F,F,F,T,F,F,F,F,F,F,F,T,F,F,F,F,F,F,F,F,T,F,F,F,F,F,F,F,F,F,F,F,F,T,F,F,F,F,F,F,F,F,F,F,F,F,F,F,F,F,F,F,F,F,F,F,F,F,F,F,T,F,T,F,T,F,F,F,F,F,F,F,F,F,F,F,F,F,F
053,llama3-8b-q3kl  ,q3kl  ,en,futu,24,16, 5,F,F,F,F,F,F,F,F,F,F,T,F,F,T,T,T,T,F,T,F,F,F,F,F,F,F,F,F,F,F,F,F,F,F,F,F,F,T,F,F,T,T,F,T,F,T,F,F,T,T,F,F,T,T,F,F,F,F,F,F,F,F,F,F,F,F,F,F,F,F,F,F,F,F,F,F,T,T,F,F,F,F,F,T,T,T,T,F,F,F,F,F,T,T,F,F,F,F,F,T
054,llama3-8b-q3kl  ,q3kl  ,ko,past,71, 8, 4,T,T,F,T,F,T,T,T,F,F,T,F,T,T,T,T,T,T,T,T,F,F,F,F,T,T,F,F,F,T,F,T,F,T,T,F,T,T,T,T,T,T,T,T,T,T,T,T,T,T,T,T,T,T,T,F,T,T,F,F,F,F,T,F,F,T,F,F,T,F,T,T,F,T,T,T,T,T,T,T,T,F,T,F,T,T,T,T,T,T,T,T,T,T,F,T,T,T,T,T
055,llama3-8b-q3kl  ,q3kl  ,ko,pres,22,16, 4,F,F,F,T,F,F,T,F,F,F,F,T,T,T,F,T,F,F,F,F,F,F,F,F,T,T,F,F,F,F,F,F,T,F,F,F,T,T,T,F,F,T,F,F,F,F,F,F,F,F,F,T,F,F,T,F,T,T,F,F,F,F,T,F,F,F,F,F,F,F,F,F,F,T,F,F,F,F,F,F,F,F,F,F,T,F,F,T,F,T,F,F,F,F,F,F,F,F,F,F
056,llama3-8b-q3kl  ,q3kl  ,ko,futu,49,12, 5,T,F,F,T,F,F,T,F,F,F,T,F,T,T,T,T,T,T,T,T,F,F,F,F,T,T,F,F,F,T,F,T,F,F,T,F,T,T,T,T,T,T,F,T,F,T,T,T,F,T,F,F,T,T,F,F,T,T,F,F,F,F,F,F,F,F,F,F,T,F,T,F,F,T,F,T,F,T,T,T,T,F,F,F,T,T,T,T,F,T,F,T,F,T,F,F,F,F,T,T
149,llama3-8b-iq3xxs,iq3xxs,en,past,37,14, 5,F,F,F,T,F,F,T,T,F,F,T,T,T,T,T,F,T,T,F,T,F,F,F,T,T,F,F,F,F,F,F,T,F,T,F,F,T,F,T,T,T,T,T,T,F,F,F,T,F,T,F,T,T,T,F,F,F,F,F,F,F,F,F,F,F,F,F,F,F,F,F,F,F,F,T,F,T,T,F,F,T,F,F,F,F,F,T,F,F,F,F,F,F,T,F,T,F,T,T,T
150,llama3-8b-iq3xxs,iq3xxs,en,pres, 3,19, 3,F,F,F,F,F,F,F,F,F,F,F,F,F,F,F,F,F,F,F,F,F,F,F,F,T,F,F,F,F,F,F,F,F,F,F,F,F,F,F,F,F,F,F,F,F,F,F,F,F,F,F,F,F,F,F,F,F,F,F,F,F,F,F,F,F,F,F,F,F,F,F,F,F,F,F,F,F,F,F,F,F,F,F,T,F,T,F,F,F,F,F,F,F,F,F,F,F,F,F,F
151,llama3-8b-iq3xxs,iq3xxs,en,futu,15,17, 5,F,F,F,F,F,F,F,F,F,F,T,F,F,T,F,F,F,F,F,F,F,F,F,F,F,F,F,F,F,F,F,F,T,T,F,F,F,F,F,F,F,F,F,T,F,F,F,F,F,T,F,F,T,F,F,F,F,F,F,F,F,F,F,F,F,F,F,F,F,F,F,F,F,F,T,F,T,F,F,F,T,F,F,F,T,T,T,F,F,F,F,F,F,T,F,F,F,F,F,T
152,llama3-8b-iq3xxs,iq3xxs,ko,past,66, 9, 4,T,F,F,T,T,T,T,T,F,F,T,T,T,T,T,T,T,F,T,T,F,F,T,T,T,T,F,F,T,T,F,T,T,F,T,T,T,T,T,T,T,T,F,T,T,F,T,T,T,T,F,T,T,T,F,F,T,T,F,F,F,F,T,F,F,T,F,F,F,F,T,T,F,T,T,T,T,T,T,T,T,F,F,F,T,T,T,F,T,T,T,T,F,T,F,T,T,F,T,T
153,llama3-8b-iq3xxs,iq3xxs,ko,pres,23,16, 4,T,F,F,T,F,T,T,F,F,F,F,F,T,T,F,T,F,F,F,F,F,F,F,F,T,T,F,F,T,F,F,F,T,F,F,F,T,T,F,F,T,T,F,F,F,F,F,F,F,F,F,T,F,T,F,F,T,T,F,F,F,F,T,F,F,F,F,F,F,F,F,F,F,F,F,F,F,F,F,F,F,F,F,F,F,T,F,F,F,T,F,F,F,F,F,F,F,F,F,T
154,llama3-8b-iq3xxs,iq3xxs,ko,futu,47,12, 5,T,F,F,T,F,T,T,F,F,F,T,F,T,T,T,T,F,T,T,T,F,F,F,F,T,T,F,F,T,F,F,F,T,F,F,F,T,F,T,T,T,T,F,T,F,F,F,T,T,T,F,T,F,T,F,F,T,T,F,F,F,F,T,T,F,T,F,F,T,F,F,T,T,T,F,F,F,T,F,F,T,F,F,F,T,F,T,F,T,T,F,T,F,T,F,T,T,F,F,T
137,llama3-8b-iq3s  ,iq3s  ,en,past,45,14, 9,F,T,F,T,F,F,T,F,F,F,T,F,T,T,F,T,T,F,F,T,T,T,F,F,T,F,T,F,F,F,F,T,F,T,T,T,F,T,F,T,T,F,T,T,F,T,F,F,T,F,F,F,F,T,F,F,T,T,F,F,T,F,T,T,F,F,T,F,T,F,T,F,T,F,T,F,T,T,F,F,F,F,T,F,F,F,T,F,F,T,F,F,F,T,T,T,F,F,T,T
138,llama3-8b-iq3s  ,iq3s  ,en,pres,53,12, 7,T,F,T,F,F,F,T,T,F,T,T,F,T,T,F,F,T,T,F,T,F,T,F,F,T,T,T,F,T,F,F,T,T,F,F,T,F,T,F,T,T,T,T,F,F,T,F,F,F,T,T,T,T,T,T,F,F,T,F,F,F,F,T,T,F,F,T,F,F,F,T,F,T,T,T,F,F,T,F,T,T,F,T,F,F,T,T,T,F,T,F,T,T,F,T,T,T,F,T,F
139,llama3-8b-iq3s  ,iq3s  ,en,futu,46,14, 8,T,T,F,F,F,F,T,F,F,F,T,F,T,T,F,T,T,F,F,F,F,T,F,F,F,F,F,T,F,F,T,T,F,T,T,F,F,T,T,T,F,T,T,F,F,T,F,F,T,F,F,F,F,F,T,F,T,T,F,F,T,T,F,T,F,F,T,T,T,T,T,F,T,F,T,T,T,F,F,F,F,F,T,F,F,F,T,F,F,T,F,T,T,F,T,T,T,T,F,T
140,llama3-8b-iq3s  ,iq3s  ,ko,past,67, 9, 4,T,T,T,T,F,T,T,T,T,T,F,F,T,F,T,T,T,F,T,F,F,T,T,F,T,T,T,F,T,F,T,T,F,F,T,T,T,T,T,T,T,F,T,T,T,T,T,T,T,T,T,T,F,T,F,F,T,F,F,F,F,T,T,T,T,T,T,F,T,F,T,T,F,T,T,T,F,F,T,T,F,F,T,F,F,F,T,F,T,T,T,T,T,F,T,T,T,F,T,T
141,llama3-8b-iq3s  ,iq3s  ,ko,pres,64,10, 4,T,T,T,T,F,T,T,T,F,F,F,F,T,T,T,F,T,F,F,F,F,T,T,F,T,T,T,F,T,F,T,T,F,F,T,T,F,T,T,T,T,F,T,T,T,T,T,T,T,T,T,T,T,T,T,F,F,T,F,F,T,T,T,T,F,F,T,T,T,T,T,T,T,T,F,T,F,T,F,F,F,F,T,F,F,F,T,F,T,T,T,T,T,F,F,T,T,T,T,F
142,llama3-8b-iq3s  ,iq3s  ,ko,futu,70, 8, 4,T,T,F,T,F,T,T,T,T,F,F,F,T,T,T,F,T,T,T,F,F,T,T,F,T,T,T,F,F,F,T,T,F,F,T,T,F,T,T,T,T,F,T,T,T,T,T,T,T,T,T,T,T,T,T,F,F,T,F,F,T,T,T,T,T,T,T,T,T,F,T,T,T,T,F,T,T,T,T,T,F,F,T,F,F,F,T,T,T,T,T,T,T,F,F,T,T,F,T,T
143,llama3-8b-iq3m  ,iq3m  ,en,past,22,16, 8,F,F,F,T,F,F,T,F,F,F,T,F,F,T,T,F,T,T,F,F,F,F,F,F,T,F,F,F,F,T,F,F,F,T,F,F,T,F,F,F,T,T,F,F,F,F,F,T,F,T,F,T,T,T,F,F,F,F,F,F,F,F,F,F,F,F,F,F,F,F,F,F,F,F,F,F,F,F,F,F,F,F,F,F,F,F,T,F,F,T,F,F,F,T,F,F,F,F,F,T
144,llama3-8b-iq3m  ,iq3m  ,en,pres, 1,19, 1,F,F,F,F,F,F,F,F,F,F,F,F,F,F,F,F,F,F,F,F,F,F,F,F,T,F,F,F,F,F,F,F,F,F,F,F,F,F,F,F,F,F,F,F,F,F,F,F,F,F,F,F,F,F,F,F,F,F,F,F,F,F,F,F,F,F,F,F,F,F,F,F,F,F,F,F,F,F,F,F,F,F,F,F,F,F,F,F,F,F,F,F,F,F,F,F,F,F,F,F
145,llama3-8b-iq3m  ,iq3m  ,en,futu, 9,18, 5,F,F,F,F,F,F,F,F,F,F,F,F,F,T,F,F,F,F,F,F,F,F,F,F,F,F,F,F,F,F,F,F,F,T,F,F,F,F,F,F,F,F,F,F,F,F,F,F,T,F,F,F,F,F,F,F,F,F,F,F,F,F,F,F,F,F,F,F,F,F,F,F,F,F,F,F,T,F,F,F,F,T,F,F,T,T,T,F,F,F,F,F,F,T,F,F,F,F,F,F
146,llama3-8b-iq3m  ,iq3m  ,ko,past,67, 9, 4,T,T,F,T,F,T,F,F,F,F,T,T,T,T,T,T,T,T,T,T,F,F,T,T,T,T,F,T,T,T,F,T,T,F,T,F,T,T,T,T,T,T,T,T,T,T,T,T,T,F,T,T,T,T,F,F,T,F,F,F,F,F,F,F,F,T,F,F,F,F,T,T,F,T,T,T,F,T,T,T,T,F,F,F,T,T,T,T,T,T,T,T,T,T,F,T,T,T,T,T
147,llama3-8b-iq3m  ,iq3m  ,ko,pres,22,15, 3,T,F,F,T,F,T,T,F,F,F,F,F,T,F,F,T,F,F,F,F,F,F,F,T,T,T,F,F,T,T,F,F,T,F,F,F,T,F,F,F,F,T,F,F,F,F,F,F,F,F,F,F,F,T,T,F,T,T,F,F,F,F,F,F,F,F,F,F,F,F,F,F,T,T,F,F,F,F,F,F,F,F,F,F,F,T,F,T,F,F,F,F,F,F,F,F,F,F,F,F
148,llama3-8b-iq3m  ,iq3m  ,ko,futu,57,11, 5,T,F,F,T,F,T,T,F,F,F,T,T,T,T,T,T,T,F,T,T,F,F,T,F,T,T,F,F,T,T,F,T,F,F,T,F,T,T,T,T,T,T,F,T,T,T,F,T,T,T,F,T,T,T,F,F,T,T,F,F,F,F,T,F,F,F,F,F,T,F,T,F,F,T,F,F,T,T,T,T,T,F,F,F,T,T,T,T,T,T,F,T,T,T,F,F,T,F,F,T
027,llama3-8b-q4    ,q4    ,en,past,43,13, 5,F,F,F,T,F,F,F,T,F,F,T,T,T,T,T,T,T,T,F,F,F,F,T,T,T,F,F,T,F,F,F,T,T,T,T,T,T,F,T,T,F,T,T,T,F,F,F,T,T,T,F,T,T,F,F,F,F,F,F,F,F,F,F,F,F,F,F,F,F,F,T,F,F,F,T,T,T,F,F,F,T,F,F,F,T,F,T,F,T,F,F,F,T,T,F,T,F,F,T,T
037,llama3-8b-q4    ,q4    ,en,pres, 6,18, 9,F,F,F,F,F,F,F,F,F,F,F,F,F,F,F,F,F,F,F,F,F,F,F,F,T,F,F,F,F,F,F,F,F,F,F,F,F,F,F,F,F,T,F,F,F,F,F,F,F,F,T,F,F,F,F,F,F,F,F,F,F,F,F,F,F,F,F,F,F,F,F,F,F,F,F,F,F,F,F,F,F,T,F,T,F,T,F,F,F,F,F,F,F,F,F,F,F,F,F,F
038,llama3-8b-q4    ,q4    ,en,futu,17,17, 7,F,F,F,F,F,F,F,F,F,F,T,T,F,T,F,F,T,F,T,F,F,F,F,T,F,F,F,F,F,F,F,F,F,F,T,F,F,T,F,F,F,F,F,T,F,F,F,F,F,T,F,F,T,F,F,F,F,F,F,F,F,F,F,F,F,F,F,F,F,F,F,F,F,F,T,F,T,F,F,F,F,F,F,F,T,F,T,F,F,F,F,F,T,T,F,F,F,F,F,F
039,llama3-8b-q4    ,q4    ,ko,past,68, 8, 3,T,F,T,T,F,T,T,T,F,F,T,T,T,T,T,T,T,F,T,T,F,F,T,T,T,T,F,T,F,T,F,T,F,F,T,T,T,T,T,T,T,T,F,T,T,T,T,T,T,T,T,T,T,T,F,F,T,T,T,F,F,F,T,F,F,F,F,F,F,F,T,T,F,T,T,T,T,T,T,T,T,F,F,F,T,F,T,T,T,T,T,T,T,T,F,T,F,T,T,T
044,llama3-8b-q4    ,q4    ,ko,pres,16,16, 3,F,F,F,T,F,F,T,F,F,F,F,F,F,F,F,T,F,F,F,F,F,F,F,F,T,T,F,F,F,F,F,F,F,F,F,F,T,F,F,F,F,T,F,F,F,F,F,F,F,F,F,F,F,F,T,F,T,T,F,F,F,F,F,F,F,F,F,F,F,F,F,F,T,F,F,F,F,F,F,F,F,F,F,T,T,T,F,T,F,F,F,F,F,F,F,F,F,F,F,T
040,llama3-8b-q4    ,q4    ,ko,futu,43,12, 4,F,F,F,T,F,F,T,F,F,F,T,F,T,T,T,T,T,T,T,T,F,F,F,F,T,T,F,F,F,F,F,F,F,F,F,T,T,F,T,T,T,T,T,T,F,T,F,F,F,T,F,F,T,T,F,F,T,T,F,F,F,F,F,F,F,F,F,F,T,F,T,F,F,T,T,T,T,T,F,T,T,F,F,F,T,F,T,T,F,F,F,F,F,T,F,T,F,F,T,T
119,llama3-8b-q4_1  ,q4_1  ,en,past,47,12, 3,F,F,F,T,F,F,T,T,F,F,T,T,T,T,T,T,T,T,T,T,F,F,T,F,F,F,F,T,F,F,F,T,T,T,F,T,T,T,T,T,F,T,T,T,F,F,F,T,T,T,F,T,T,T,F,F,F,F,F,F,F,F,F,F,F,F,F,F,F,F,T,F,F,F,T,T,T,T,F,F,T,F,F,F,F,F,T,F,T,F,F,F,T,T,T,T,F,T,T,T
120,llama3-8b-q4_1  ,q4_1  ,en,pres, 4,19, 8,F,F,F,F,F,F,F,F,F,F,F,F,F,F,F,F,F,F,F,F,F,F,F,F,F,F,F,F,F,F,F,F,F,F,F,F,F,F,F,F,F,T,F,F,T,F,F,F,F,F,F,F,F,F,T,F,F,F,F,F,F,F,F,F,F,F,F,F,F,F,F,F,F,F,F,F,F,F,F,F,F,F,F,F,F,T,F,F,F,F,F,F,F,F,F,F,F,F,F,F
121,llama3-8b-q4_1  ,q4_1  ,en,futu,23,16, 6,F,F,F,F,F,F,F,F,F,F,T,F,T,T,F,F,T,F,F,F,F,F,F,F,F,F,F,F,F,F,F,F,T,T,F,T,F,T,F,F,T,F,T,T,F,T,F,F,T,T,F,F,T,T,F,F,F,F,F,F,F,F,F,F,F,F,F,F,F,F,T,F,F,F,T,F,F,F,F,F,F,F,F,F,T,T,T,F,F,F,F,F,T,T,F,F,F,F,F,F
122,llama3-8b-q4_1  ,q4_1  ,ko,past,72, 8, 4,T,F,F,T,F,T,T,T,F,F,T,T,T,T,F,T,T,T,T,T,F,F,T,F,T,T,F,T,T,T,F,T,F,T,T,T,T,T,T,T,T,F,T,T,T,T,T,T,T,T,T,T,T,T,F,F,T,T,F,F,F,T,T,F,F,T,F,F,F,F,T,T,F,T,T,T,T,T,T,T,T,F,T,F,T,T,T,T,T,T,T,T,T,T,F,T,T,T,T,T
123,llama3-8b-q4_1  ,q4_1  ,ko,pres,23,16, 4,T,F,F,T,F,T,T,F,F,F,F,T,T,F,F,T,F,F,F,F,F,F,F,F,T,T,F,F,F,F,F,F,T,F,F,F,T,F,F,F,T,T,F,F,F,F,F,F,F,F,F,T,F,F,T,F,T,T,F,F,F,F,F,F,F,F,F,F,F,F,F,F,F,T,F,T,F,F,F,F,F,F,F,F,T,T,F,T,F,F,F,F,F,F,F,F,F,F,F,T
124,llama3-8b-q4_1  ,q4_1  ,ko,futu,52,11, 4,T,F,T,T,F,F,T,F,F,T,T,F,T,T,T,T,T,T,F,T,F,F,F,F,T,T,F,F,T,T,F,T,F,F,F,T,T,F,T,T,T,T,T,T,F,T,F,T,T,T,F,T,T,T,F,F,T,T,F,F,F,F,F,F,F,F,F,F,T,F,F,F,T,T,T,T,T,T,T,T,T,F,F,F,T,T,F,T,F,T,F,F,F,T,F,F,F,F,T,T
063,llama3-8b-q4km  ,q4km  ,en,past,36,14, 4,F,F,F,F,F,F,T,F,F,F,T,T,T,T,T,F,T,T,F,F,F,F,F,T,T,F,F,F,F,F,F,F,T,T,T,F,T,T,T,T,F,T,T,T,F,F,F,T,F,T,F,T,T,F,F,F,F,F,F,F,F,F,F,F,F,F,F,F,F,F,T,F,F,F,T,T,T,F,F,F,T,F,F,F,T,F,T,F,F,T,F,F,F,T,F,T,F,F,T,T
068,llama3-8b-q4km  ,q4km  ,en,pres, 3,19, 3,F,F,F,F,F,F,F,F,F,F,F,F,F,F,F,F,F,F,F,F,F,F,F,F,T,F,F,F,F,F,F,F,F,F,F,F,F,F,F,F,F,F,F,F,F,F,F,F,F,F,F,F,F,F,T,F,F,F,F,F,F,F,F,F,F,F,F,F,F,F,F,F,F,F,F,F,F,F,F,F,F,F,F,F,F,T,F,F,F,F,F,F,F,F,F,F,F,F,F,F
069,llama3-8b-q4km  ,q4km  ,en,futu,18,17, 6,F,F,F,F,F,F,F,F,F,F,T,T,F,T,F,F,T,F,F,F,F,F,F,F,F,F,F,F,F,F,F,F,F,T,F,F,F,T,T,F,F,F,F,T,F,T,F,F,F,T,F,F,T,F,F,F,F,F,F,F,F,F,F,F,F,F,F,F,F,F,F,F,F,F,T,F,T,F,F,F,F,F,F,F,F,T,T,F,F,F,F,F,F,T,F,F,F,F,T,T
064,llama3-8b-q4km  ,q4km  ,ko,past,60,10, 4,T,F,F,T,F,T,T,T,F,F,T,F,T,T,T,T,T,T,F,F,F,F,F,F,T,T,F,T,F,T,F,T,F,F,T,F,T,F,T,T,T,T,T,T,T,T,T,T,T,T,T,T,T,T,F,F,T,T,F,F,F,F,F,F,F,T,F,F,F,F,T,T,F,T,T,T,T,T,T,T,T,F,F,F,T,F,T,T,T,T,F,T,F,T,F,T,T,T,T,T
065,llama3-8b-q4km  ,q4km  ,ko,pres,13,17, 3,F,F,F,T,F,F,T,F,F,F,F,F,F,F,F,T,F,F,F,F,F,F,F,F,T,T,F,F,F,F,F,F,F,F,F,F,T,F,F,F,F,T,F,F,F,F,F,F,F,F,F,T,F,F,T,F,T,T,F,F,F,F,F,F,F,F,F,F,F,F,F,F,F,T,F,F,F,F,F,F,F,F,F,T,F,F,F,F,F,F,F,F,F,F,F,F,F,F,F,F
066,llama3-8b-q4km  ,q4km  ,ko,futu,43,14, 7,T,F,F,T,F,F,T,F,F,F,T,F,T,T,T,T,T,F,T,T,F,F,F,T,T,F,F,F,F,F,F,F,F,T,T,T,T,F,T,T,T,T,F,T,F,F,F,F,F,T,F,T,T,T,T,F,T,T,F,F,F,F,F,F,F,F,F,F,F,F,T,F,F,T,T,T,T,T,F,F,T,F,F,F,T,T,F,T,F,F,F,T,T,T,F,F,F,F,F,T
125,llama3-8b-iq4xs ,iq4xs ,en,past,45,12, 4,F,T,F,T,F,T,T,F,F,F,T,T,T,T,T,F,T,T,F,T,F,F,F,T,T,F,F,F,F,F,F,T,T,T,T,T,T,T,T,T,F,T,T,T,F,F,F,T,T,T,F,T,T,F,F,F,F,F,F,F,F,F,F,F,F,F,F,F,F,F,T,F,F,F,T,T,T,F,F,F,T,F,F,F,T,F,T,F,F,T,F,F,F,T,T,T,F,T,T,T
126,llama3-8b-iq4xs ,iq4xs ,en,pres, 5,18, 5,F,F,F,F,F,F,F,F,F,F,F,F,F,F,F,F,F,F,F,F,F,F,F,F,T,F,F,F,F,F,F,F,F,F,F,F,F,F,F,F,F,F,F,F,F,F,F,F,F,F,T,F,F,F,T,F,F,F,F,F,F,F,F,F,F,F,F,F,F,F,F,F,F,F,F,F,F,F,F,F,F,F,F,T,F,T,F,F,F,F,F,F,F,F,F,F,F,F,F,F
127,llama3-8b-iq4xs ,iq4xs ,en,futu,18,16, 5,F,F,F,F,F,F,F,F,F,F,T,T,T,T,F,F,T,F,F,F,F,F,F,F,F,F,F,F,F,F,F,F,F,F,F,F,F,T,F,F,F,F,F,F,F,T,F,F,T,T,F,F,T,F,F,F,F,F,F,F,F,F,F,F,F,F,F,F,F,F,F,F,F,F,F,F,T,F,F,F,F,F,F,F,T,T,T,F,F,F,F,F,T,T,F,F,F,F,T,T
128,llama3-8b-iq4xs ,iq4xs ,ko,past,69, 8, 3,T,T,F,T,F,T,T,T,F,F,T,F,T,T,T,T,T,T,T,T,F,F,F,T,T,T,F,T,F,F,F,T,F,T,T,T,T,T,T,T,T,T,T,T,T,T,T,T,T,T,T,T,T,T,F,F,T,T,F,F,F,F,F,F,F,T,F,F,F,F,T,T,F,T,T,T,T,T,T,T,T,F,T,F,T,F,T,T,T,T,T,T,T,T,F,T,T,T,T,T
129,llama3-8b-iq4xs ,iq4xs ,ko,pres,13,17, 4,F,F,F,T,F,F,T,F,F,F,F,F,F,F,F,T,F,F,F,F,F,F,F,F,T,T,F,F,F,F,F,F,F,F,F,F,T,T,F,F,F,T,F,F,F,F,F,F,F,F,F,F,F,F,T,F,T,T,F,F,F,F,F,F,F,F,F,F,F,F,F,F,F,F,F,F,F,F,F,F,F,F,F,F,T,T,F,F,F,F,F,F,F,F,F,F,F,F,F,F
130,llama3-8b-iq4xs ,iq4xs ,ko,futu,48,12, 5,F,F,F,T,F,T,T,F,F,F,T,F,T,T,T,F,F,T,T,T,F,F,F,T,T,T,F,F,F,F,F,T,F,F,T,T,T,F,T,T,T,T,T,T,F,T,F,F,T,T,F,T,T,T,F,F,T,T,F,F,F,F,F,F,F,F,F,F,T,F,T,F,F,T,T,T,T,T,F,T,T,F,F,F,T,F,T,T,F,F,F,T,F,T,F,F,F,T,T,T
071,llama3-8b-iq4nl ,iq4nl ,en,past,43,13, 5,F,F,F,T,F,F,F,T,F,F,T,T,T,T,T,F,T,T,F,T,F,F,F,T,T,F,F,F,F,F,F,T,T,T,T,F,T,T,T,T,F,T,T,T,F,F,F,T,T,T,F,T,T,T,F,F,F,F,F,F,F,F,F,F,F,F,F,F,F,F,T,F,F,F,T,T,T,T,F,F,T,F,F,F,F,F,T,F,T,F,F,F,T,T,T,T,F,F,T,T
072,llama3-8b-iq4nl ,iq4nl ,en,pres, 3,19,12,F,F,F,F,F,F,F,F,F,F,F,F,F,F,F,F,F,F,F,F,F,F,F,F,T,F,F,F,F,F,F,F,F,F,F,F,F,F,F,F,F,F,F,F,F,F,F,F,F,F,F,F,F,F,T,F,F,F,F,F,F,F,F,F,F,F,F,F,F,F,F,F,F,F,F,F,F,F,F,F,F,F,F,F,F,T,F,F,F,F,F,F,F,F,F,F,F,F,F,F
073,llama3-8b-iq4nl ,iq4nl ,en,futu,18,17, 6,F,F,F,F,F,F,F,F,F,F,T,T,F,T,F,F,T,F,F,F,F,F,F,F,F,F,F,F,F,F,F,F,T,F,F,F,F,T,F,T,F,F,F,T,F,F,F,F,T,T,F,F,F,F,F,F,F,F,F,F,F,F,F,F,F,F,F,F,F,F,F,F,F,F,F,T,T,F,F,F,F,F,F,T,T,T,T,F,F,F,F,F,F,T,F,F,F,F,F,T
070,llama3-8b-iq4nl ,iq4nl ,ko,past,66, 8, 3,T,T,F,T,F,T,T,T,F,F,T,F,T,T,T,T,T,T,T,T,F,F,F,F,T,T,F,T,F,F,F,T,F,T,T,T,T,T,T,T,T,T,T,T,T,T,T,T,T,T,T,T,T,T,F,F,T,T,F,F,F,F,F,F,F,T,F,F,F,F,T,F,F,T,T,T,T,T,T,T,T,F,T,F,T,T,T,F,T,T,T,T,F,T,F,T,T,T,T,T
074,llama3-8b-iq4nl ,iq4nl ,ko,pres,12,17, 4,F,F,F,T,F,F,T,F,F,F,F,F,F,F,F,T,F,F,F,F,F,F,F,F,T,T,F,F,F,F,F,F,F,F,F,F,T,T,F,F,F,T,F,F,F,F,F,F,F,F,F,F,F,F,T,F,T,T,F,F,F,F,F,F,F,F,F,F,F,F,F,F,F,F,F,F,F,F,F,F,F,F,F,F,F,T,F,F,F,F,F,F,F,F,F,F,F,F,F,F
075,llama3-8b-iq4nl ,iq4nl ,ko,futu,43,13, 5,F,F,F,T,F,F,T,F,F,F,T,T,T,T,T,T,T,T,T,T,F,F,F,T,T,T,F,F,F,F,F,T,F,F,F,T,T,T,T,T,T,T,F,T,F,F,F,F,F,T,F,F,T,T,T,F,T,T,F,F,F,F,T,F,F,F,F,F,T,F,T,F,F,T,F,T,T,T,F,T,T,F,F,F,T,F,F,T,F,F,F,F,F,T,F,F,F,F,F,T
076,llama3-8b-q5km  ,q5km  ,en,past,45,12, 4,F,F,F,T,F,F,T,T,F,F,T,T,T,T,T,F,T,T,F,F,F,F,T,F,T,F,F,T,F,F,F,T,F,T,T,T,T,T,T,T,F,T,T,T,F,F,F,T,T,T,T,T,T,F,F,F,F,F,F,F,F,F,F,F,F,F,F,F,F,F,T,F,F,F,T,T,T,T,F,F,T,F,F,F,T,F,T,F,F,T,F,F,T,T,T,T,F,F,T,T
077,llama3-8b-q5km  ,q5km  ,en,pres, 4,19,12,F,F,F,F,F,F,F,F,F,F,F,F,F,F,F,F,F,F,F,F,F,F,F,F,T,F,F,F,F,F,F,F,F,F,F,F,T,F,F,F,F,F,F,F,F,F,F,F,F,F,F,F,F,F,F,F,F,F,F,F,F,F,F,F,F,F,F,F,F,F,F,F,F,F,F,F,F,F,F,F,F,F,F,T,F,T,F,F,F,F,F,F,F,F,F,F,F,F,F,F
078,llama3-8b-q5km  ,q5km  ,en,futu,20,16, 5,F,F,F,F,F,F,F,F,F,F,T,T,F,T,F,F,T,F,F,F,F,F,F,F,F,F,F,F,F,F,F,F,T,F,F,T,F,T,F,F,F,F,F,T,F,T,F,F,T,T,F,F,T,F,F,F,F,F,F,F,F,F,F,F,F,F,F,F,F,F,F,F,F,F,T,F,T,F,F,F,F,F,F,F,T,T,T,F,F,F,F,F,T,T,F,F,F,F,F,T
079,llama3-8b-q5km  ,q5km  ,ko,past,68, 8, 3,T,F,F,T,F,T,T,T,F,F,T,T,T,T,T,T,T,T,T,T,F,F,T,F,T,T,F,T,F,F,F,T,F,T,T,T,T,T,T,T,T,T,T,T,T,T,T,T,T,T,T,T,T,T,T,F,T,T,F,F,F,F,F,F,F,T,F,F,F,F,T,T,F,T,T,T,T,T,T,T,T,F,F,F,T,F,T,T,T,T,T,T,F,T,F,T,T,T,T,T
080,llama3-8b-q5km  ,q5km  ,ko,pres,12,17, 3,F,F,F,T,F,F,T,F,F,F,F,T,F,F,F,T,F,F,F,F,F,F,F,F,F,T,F,F,F,F,F,F,T,F,F,F,T,F,F,F,F,T,F,F,F,F,F,F,F,F,F,F,F,F,T,F,T,T,F,F,F,F,F,F,F,F,F,F,F,F,F,F,F,F,F,F,F,F,F,F,F,F,F,F,F,T,F,F,F,F,F,F,F,F,F,F,F,F,F,F
081,llama3-8b-q5km  ,q5km  ,ko,futu,50,12, 5,F,F,F,T,F,T,T,F,F,F,T,F,T,T,T,T,T,T,T,T,F,F,F,T,T,T,F,F,F,F,F,T,T,F,F,T,T,F,T,T,T,T,F,T,F,T,T,F,F,T,F,T,T,T,F,F,T,T,F,F,F,F,F,F,F,T,F,F,T,F,T,F,F,T,T,T,T,T,F,T,T,F,F,F,T,T,T,T,F,F,F,T,F,T,F,F,F,F,T,T
041,llama3-8b-q8    ,q8    ,en,past,43,13, 5,F,F,F,T,F,F,F,T,F,F,T,T,T,T,T,F,T,T,F,T,T,F,F,F,T,F,F,F,F,F,F,T,F,T,T,T,T,T,T,T,F,T,T,T,F,F,F,T,T,T,F,T,T,F,F,F,F,F,F,F,F,F,F,F,F,F,F,F,F,F,T,F,F,F,T,T,T,T,F,F,T,F,F,F,F,F,T,F,F,T,F,F,T,T,T,T,F,T,T,T
042,llama3-8b-q8    ,q8    ,en,pres, 2,19, 6,F,F,F,F,F,F,F,F,F,F,F,F,F,F,F,F,F,F,F,F,F,F,F,F,F,F,F,F,F,F,F,F,F,F,F,F,F,F,F,F,F,F,F,F,F,F,F,F,F,F,F,F,F,F,F,F,F,F,F,F,F,F,F,F,F,F,F,F,F,F,F,F,F,F,F,F,F,F,F,F,F,T,F,T,F,F,F,F,F,F,F,F,F,F,F,F,F,F,F,F
043,llama3-8b-q8    ,q8    ,en,futu,19,16, 5,F,F,F,F,F,F,F,F,F,F,T,T,T,T,F,F,T,F,F,F,F,F,F,F,F,F,F,F,F,F,F,F,F,T,F,F,T,T,T,F,F,T,F,T,F,T,F,F,T,F,F,F,F,F,F,F,F,F,F,F,F,F,F,F,F,F,F,F,F,F,F,F,F,F,T,F,T,F,F,F,F,F,F,F,T,T,T,F,F,F,F,F,F,T,F,F,F,F,F,F
028,llama3-8b-q8    ,q8    ,ko,past,68, 9, 4,T,T,F,T,F,T,T,T,T,T,T,T,T,T,T,T,T,T,F,T,F,F,F,F,T,T,F,T,F,T,F,T,T,T,T,T,T,T,T,T,T,T,F,T,T,T,T,T,T,T,T,T,T,T,F,F,T,T,F,F,F,F,F,F,F,F,F,F,T,F,T,T,F,F,T,T,T,T,T,T,T,F,F,F,T,F,T,T,T,T,T,T,F,T,F,T,T,T,T,T
029,llama3-8b-q8    ,q8    ,ko,pres,11,17, 3,F,F,F,T,F,F,T,F,F,F,F,F,F,F,F,T,F,F,F,F,F,F,F,F,F,T,F,F,F,F,F,F,T,F,F,F,T,F,F,F,F,T,F,F,F,F,F,F,F,F,F,F,F,F,T,F,T,T,F,F,F,F,F,F,F,F,F,F,F,F,F,F,F,F,F,F,F,F,F,F,F,F,F,F,F,T,F,F,F,F,F,F,F,F,F,F,F,F,F,F
030,llama3-8b-q8    ,q8    ,ko,futu,41,13, 5,T,F,F,T,F,F,T,F,F,F,T,F,T,T,T,T,T,F,T,T,F,F,F,F,T,T,F,F,F,F,F,F,F,F,T,T,T,F,T,T,T,T,F,T,F,T,T,F,F,T,F,F,T,T,F,F,T,T,F,F,F,F,F,F,F,F,F,F,T,F,T,F,F,T,T,F,T,T,F,F,T,F,F,F,T,F,T,T,F,F,F,T,F,T,F,F,F,F,F,T
031,llama3-8b-q16   ,q16   ,en,past,45,13, 5,F,T,F,T,F,F,F,T,F,F,T,T,T,T,T,T,T,T,F,F,F,F,T,T,F,F,F,T,F,F,F,T,T,T,T,F,T,T,T,T,F,T,T,T,F,F,F,T,T,T,F,T,T,T,F,F,F,F,F,F,F,F,F,F,F,F,F,F,F,F,T,F,F,F,T,T,T,F,F,F,T,F,F,F,T,F,T,F,F,F,F,F,T,T,T,T,F,T,T,T
032,llama3-8b-q16   ,q16   ,en,pres, 2,19, 7,F,F,F,F,F,F,F,F,F,F,F,F,F,F,F,F,F,F,F,F,F,F,F,F,F,F,F,F,F,F,F,F,F,F,F,F,F,F,F,F,F,F,F,F,F,F,F,F,F,F,F,F,F,F,F,F,F,F,F,F,F,F,F,F,F,F,F,F,F,F,F,F,F,F,F,F,F,F,F,F,F,T,F,T,F,F,F,F,F,F,F,F,F,F,F,F,F,F,F,F
033,llama3-8b-q16   ,q16   ,en,futu,19,17, 7,F,F,F,F,F,F,F,F,F,F,T,F,F,T,F,T,T,F,F,F,F,F,F,F,F,F,F,F,F,F,F,F,T,F,T,F,F,T,F,F,F,T,F,T,F,T,F,F,T,T,F,F,T,F,F,F,F,F,F,F,F,F,F,F,F,F,F,F,F,F,F,F,F,F,T,F,F,F,F,F,F,F,F,F,T,T,T,F,F,F,F,F,F,T,F,F,F,F,F,T
034,llama3-8b-q16   ,q16   ,ko,past,68, 8, 3,T,F,F,F,F,T,T,T,F,F,T,T,T,T,T,T,T,T,T,T,F,F,F,F,T,T,F,T,F,T,F,T,F,T,T,T,T,T,T,T,T,T,T,T,T,T,T,T,T,T,T,T,T,T,T,F,T,T,F,F,F,F,F,F,F,F,F,F,T,F,T,T,F,T,T,T,T,T,T,T,T,F,T,F,T,F,T,T,T,T,T,T,F,T,F,T,T,T,T,T
035,llama3-8b-q16   ,q16   ,ko,pres,15,17, 4,F,F,F,T,F,F,T,F,F,F,F,T,F,F,F,T,F,F,F,F,F,F,F,F,F,T,F,F,F,F,F,F,T,F,F,F,T,F,F,F,F,T,F,F,F,F,F,F,F,F,F,F,F,F,T,F,T,T,F,F,F,F,F,F,F,F,F,F,F,F,F,F,F,T,F,F,F,F,F,F,F,F,F,F,T,T,F,T,F,F,F,F,F,F,F,F,F,F,F,F
036,llama3-8b-q16   ,q16   ,ko,futu,47,12, 5,T,F,F,T,F,F,T,F,F,F,T,F,T,T,T,T,T,T,T,T,F,F,F,T,T,T,F,F,F,F,F,F,T,F,F,T,T,F,T,T,T,T,F,T,F,T,F,F,F,T,T,T,T,T,T,F,T,T,F,F,F,F,F,F,F,F,F,F,F,F,T,T,F,T,T,T,F,T,T,F,T,F,F,F,T,T,F,T,F,F,F,T,T,T,F,F,F,F,F,T
050,llama3-8b-f16   ,f16   ,en,past,48,11, 3,F,F,F,T,F,F,F,T,F,F,T,T,T,T,T,F,T,T,T,F,F,F,T,T,T,F,F,T,F,F,F,T,T,T,T,T,T,T,T,T,F,T,T,T,F,F,F,T,T,T,F,T,T,F,F,F,F,F,F,F,F,F,F,F,F,F,F,F,F,F,T,F,T,F,T,T,T,T,F,F,T,F,F,F,F,F,T,F,T,T,F,F,T,T,T,T,F,T,T,T
046,llama3-8b-f16   ,f16   ,en,pres, 3,19, 4,F,F,F,F,F,F,F,F,F,F,F,F,F,F,F,F,F,F,F,F,F,F,F,F,T,F,F,F,F,F,F,F,F,F,F,F,F,F,F,F,F,F,F,F,F,F,F,F,F,F,F,F,F,F,F,F,F,F,F,F,F,F,F,F,F,F,F,F,F,F,F,F,F,F,F,F,F,F,F,F,F,T,F,T,F,F,F,F,F,F,F,F,F,F,F,F,F,F,F,F
047,llama3-8b-f16   ,f16   ,en,futu,20,16, 6,F,F,F,F,F,F,F,F,F,F,T,F,F,T,F,F,T,F,F,F,F,F,F,F,F,F,F,F,F,F,F,F,F,F,F,T,F,T,F,F,T,F,F,T,F,T,F,F,T,T,F,F,T,F,F,F,F,F,F,F,F,F,F,F,F,F,F,F,F,F,T,F,F,F,T,F,F,T,F,F,F,F,F,F,T,T,T,F,F,F,F,F,T,T,F,F,F,F,F,T
045,llama3-8b-f16   ,f16   ,ko,past,68, 9, 4,T,F,F,T,F,T,T,T,F,F,T,F,T,T,T,T,T,T,T,T,F,F,T,T,T,T,F,T,F,F,F,T,F,T,T,T,T,T,T,T,T,T,T,T,T,T,T,T,T,T,T,T,T,T,F,F,T,T,F,F,F,F,F,F,F,F,F,F,F,F,T,T,F,T,T,T,T,T,T,T,T,F,T,F,T,T,T,F,T,T,T,T,T,T,F,T,T,T,T,T
048,llama3-8b-f16   ,f16   ,ko,pres,13,17, 3,F,F,F,T,F,F,T,F,F,F,F,F,F,F,F,T,F,F,F,F,F,F,F,F,F,T,F,F,F,F,F,F,F,F,F,F,T,F,F,F,F,T,F,F,F,F,F,F,F,F,F,T,F,F,T,F,T,T,F,F,F,F,F,F,F,F,F,F,F,F,F,F,F,T,F,F,F,F,F,F,F,F,F,F,F,T,F,T,F,F,F,F,F,F,F,F,F,F,F,F
049,llama3-8b-f16   ,f16   ,ko,futu,41,13, 4,T,F,F,T,F,F,T,F,F,F,T,F,T,T,T,T,T,F,T,F,F,F,F,T,T,T,F,F,F,F,F,T,F,F,F,T,T,F,T,T,T,T,F,T,F,T,F,F,F,T,F,T,T,T,F,F,T,T,F,F,T,F,F,F,F,F,F,F,F,F,T,F,F,T,T,F,T,T,F,F,T,F,F,F,T,F,T,T,F,F,F,T,F,T,F,F,F,F,F,T
